CDTJune/17/2021 14:13:54:103,sleep:27020.0
 CDTJune/17/2021 14:13:54:141,noise:59
 CDTJune/17/2021 14:13:54:164,blood_o2:100.0
 CDTJune/17/2021 14:13:55:219,location:29.585541 -98.619623
 CDTJune/17/2021 14:13:55:220,heart_rate:73.0
 CDTJune/17/2021 14:13:59:393,location:29.585541 -98.619623
 CDTJune/17/2021 14:13:59:394,heart_rate:73.0
 CDTJune/17/2021 14:14:04:385,location:29.585541 -98.619623
 CDTJune/17/2021 14:14:04:387,heart_rate:73.0
 CDTJune/17/2021 14:14:09:408,location:29.585541 -98.619623
 CDTJune/17/2021 14:14:09:409,heart_rate:78.0
 CDTJune/17/2021 14:14:14:336,location:29.585541 -98.619623
 CDTJune/17/2021 14:14:14:338,heart_rate:78.0
 CDTJune/17/2021 14:14:19:339,location:29.585541 -98.619623
 CDTJune/17/2021 14:14:19:340,heart_rate:77.0
 CDTJune/17/2021 14:14:23:394,location:29.585541 -98.619623
 CDTJune/17/2021 14:14:23:396,heart_rate:78.0
 CDTJune/17/2021 14:14:29:210,location:29.585541 -98.619623
 CDTJune/17/2021 14:14:29:212,heart_rate:80.0
 CDTJune/17/2021 14:14:33:9,location:29.585541 -98.619623
 CDTJune/17/2021 14:14:33:11,heart_rate:75.0
 CDTJune/17/2021 14:14:38:986,location:29.585541 -98.619623
 CDTJune/17/2021 14:14:38:987,heart_rate:75.0
 CDTJune/17/2021 14:14:43:884,location:29.585541 -98.619623
 CDTJune/17/2021 14:14:43:886,heart_rate:75.0
 CDTJune/17/2021 14:14:49:304,location:29.585556 -98.619616
 CDTJune/17/2021 14:14:49:306,heart_rate:76.0
 CDTJune/17/2021 14:14:54:208,location:29.585587 -98.619569
 CDTJune/17/2021 14:14:54:210,heart_rate:79.0
 CDTJune/17/2021 14:14:59:213,location:29.585587 -98.619569
 CDTJune/17/2021 14:14:59:215,heart_rate:79.0
 CDTJune/17/2021 14:17:53:906,sleep:27020.0
 CDTJune/17/2021 14:17:53:938,blood_o2:100.0
 CDTJune/17/2021 14:17:53:961,noise:59
 CDTJune/17/2021 14:17:53:7,location:29.585602 -98.619586
 CDTJune/17/2021 14:17:53:8,heart_rate:69.0
 CDTJune/17/2021 14:17:59:547,location:29.585602 -98.619586
 CDTJune/17/2021 14:17:59:549,heart_rate:68.0
 CDTJune/17/2021 14:18:04:401,location:29.585602 -98.619586
 CDTJune/17/2021 14:18:04:403,heart_rate:69.0
 CDTJune/17/2021 14:18:08:547,location:29.585602 -98.619586
 CDTJune/17/2021 14:18:08:549,heart_rate:74.0
 CDTJune/17/2021 14:18:13:687,location:29.585602 -98.619586
 CDTJune/17/2021 14:18:13:689,heart_rate:72.0
 CDTJune/17/2021 14:18:18:719,location:29.585602 -98.619586
 CDTJune/17/2021 14:18:18:721,heart_rate:72.0
 CDTJune/17/2021 14:18:23:797,location:29.585602 -98.619586
 CDTJune/17/2021 14:18:23:798,heart_rate:79.0
 CDTJune/17/2021 14:18:28:959,location:29.585602 -98.619586
 CDTJune/17/2021 14:18:28:960,heart_rate:88.0
 CDTJune/17/2021 14:18:33:49,location:29.585602 -98.619586
 CDTJune/17/2021 14:18:33:51,heart_rate:85.0
 CDTJune/17/2021 14:18:38:140,location:29.585602 -98.619586
 CDTJune/17/2021 14:18:38:142,heart_rate:77.0
 CDTJune/17/2021 14:18:44:303,location:29.585602 -98.619586
 CDTJune/17/2021 14:18:44:305,heart_rate:77.0
 CDTJune/17/2021 14:18:49:408,location:29.585602 -98.619586
 CDTJune/17/2021 14:18:49:410,heart_rate:77.0
 CDTJune/17/2021 14:18:54:419,location:29.585602 -98.619586
 CDTJune/17/2021 14:18:54:421,heart_rate:75.0
 CDTJune/17/2021 14:18:59:394,location:29.585602 -98.619586
 CDTJune/17/2021 14:18:59:395,heart_rate:75.0
 CDTJune/17/2021 14:19:04:374,location:29.585602 -98.619586
 CDTJune/17/2021 14:19:04:376,heart_rate:78.0
 CDTJune/17/2021 14:19:09:388,location:29.585602 -98.619586
 CDTJune/17/2021 14:19:09:391,heart_rate:78.0
 CDTJune/17/2021 14:19:14:423,location:29.585571 -98.619646
 CDTJune/17/2021 14:19:14:424,heart_rate:78.0
 CDTJune/17/2021 14:19:19:362,location:29.585571 -98.619646
 CDTJune/17/2021 14:19:19:364,heart_rate:78.0
 CDTJune/17/2021 16:32:03:592,xyz_acc:0.2 -0.252 -0.976
 CDTJune/17/2021 16:32:03:603,resultant_acc:1.028
 CDTJune/17/2021 16:32:03:623,xyz_acc:-0.002 -0.209 -0.978
 CDTJune/17/2021 16:32:03:625,resultant_acc:1.0
 CDTJune/17/2021 16:32:03:715,xyz_acc:0.006 -0.229 -0.982
 CDTJune/17/2021 16:32:03:716,resultant_acc:1.008
 CDTJune/17/2021 16:32:03:718,xyz_acc:0.012 -0.24 -0.974
 CDTJune/17/2021 16:32:03:868,resultant_acc:1.003
 CDTJune/17/2021 16:32:03:925,xyz_acc:0.008 -0.242 -0.969
 CDTJune/17/2021 16:32:03:926,resultant_acc:0.999
 CDTJune/17/2021 16:32:03:927,xyz_acc:0.008 -0.24 -0.965
 CDTJune/17/2021 16:32:03:985,resultant_acc:0.994
 CDTJune/17/2021 16:32:04:262,xyz_acc:0.009 -0.248 -0.966
 CDTJune/17/2021 16:32:04:264,resultant_acc:0.997
 CDTJune/17/2021 16:32:04:266,xyz_acc:0.019 -0.241 -0.964
 CDTJune/17/2021 16:32:04:283,resultant_acc:0.994
 CDTJune/17/2021 16:32:04:345,xyz_acc:0.003 -0.233 -0.977
 CDTJune/17/2021 16:32:04:346,resultant_acc:1.004
 CDTJune/17/2021 16:32:04:347,xyz_acc:0.005 -0.235 -0.976
 CDTJune/17/2021 16:32:04:377,resultant_acc:1.004
 CDTJune/17/2021 16:32:04:381,xyz_acc:0.005 -0.235 -0.976
 CDTJune/17/2021 16:32:04:434,resultant_acc:1.004
 CDTJune/17/2021 16:32:04:435,xyz_acc:0.017 -0.242 -0.972
 CDTJune/17/2021 16:32:04:437,resultant_acc:1.002
 CDTJune/17/2021 16:32:04:458,xyz_acc:0.009 -0.24 -0.966
 CDTJune/17/2021 16:32:04:195,resultant_acc:0.995
 CDTJune/17/2021 16:32:04:197,xyz_acc:0.009 -0.24 -0.966
 CDTJune/17/2021 16:32:04:201,resultant_acc:0.995
 CDTJune/17/2021 16:32:05:258,xyz_acc:0.02 -0.232 -0.961
 CDTJune/17/2021 16:32:05:259,resultant_acc:0.989
 CDTJune/17/2021 16:32:05:260,xyz_acc:0.007 -0.239 -0.967
 CDTJune/17/2021 16:32:05:264,resultant_acc:0.996
 CDTJune/17/2021 16:32:05:265,xyz_acc:0.006 -0.243 -0.973
 CDTJune/17/2021 16:32:05:268,resultant_acc:1.003
 CDTJune/17/2021 16:32:05:410,xyz_acc:0.01 -0.229 -0.971
 CDTJune/17/2021 16:32:05:452,resultant_acc:0.998
 CDTJune/17/2021 16:32:05:527,xyz_acc:0.006 -0.232 -0.979
 CDTJune/17/2021 16:32:05:528,resultant_acc:1.006
 CDTJune/17/2021 16:38:17:100,sleep:27020.0
 CDTJune/17/2021 16:38:17:110,blood_o2:97.0
 CDTJune/17/2021 16:38:17:203,noise:47
 CDTJune/17/2021 17:09:05:776,sleep:27020.0
 CDTJune/17/2021 17:09:05:831,blood_o2:97.0
 CDTJune/17/2021 17:09:05:833,noise:51
 CDTJune/17/2021 17:10:26:450,location:29.585587 -98.619575
 CDTJune/17/2021 17:14:28:565,location:29.585571 -98.619592
 CDTJune/17/2021 17:14:29:756,sleep:27020.0
 CDTJune/17/2021 17:14:29:514,blood_o2:97.0
 CDTJune/17/2021 17:14:29:522,noise:61
 CDTJune/17/2021 17:14:29:536,location:29.585571 -98.619592
 CDTJune/17/2021 17:17:35:752,location:29.585632 -98.619524
 CDTJune/17/2021 17:17:35:91,sleep:27020.0
 CDTJune/17/2021 17:17:36:901,blood_o2:97.0
 CDTJune/17/2021 17:17:36:903,noise:61
 CDTJune/17/2021 17:17:36:108,heart_rate:58.0
 CDTJune/17/2021 17:17:55:730,location:29.585632 -98.619524
 CDTJune/17/2021 17:18:15:732,location:29.585632 -98.619524
 CDTJune/17/2021 17:18:35:732,location:29.585632 -98.619524
 CDTJune/17/2021 17:18:55:733,location:29.585587 -98.619609
 CDTJune/17/2021 17:19:05:885,location:29.585587 -98.619609
 CDTJune/17/2021 17:19:05:85,sleep:27020.0
 CDTJune/17/2021 17:19:06:606,heart_rate:75.0
 CDTJune/17/2021 17:19:06:691,noise:61
 CDTJune/17/2021 17:19:06:697,blood_o2:97.0
 CDTJune/17/2021 17:19:14:396,heart_rate:68.0
 CDTJune/17/2021 17:19:15:732,location:29.585587 -98.619609
 CDTJune/17/2021 17:19:19:492,heart_rate:63.0
 CDTJune/17/2021 17:19:24:488,heart_rate:62.0
 CDTJune/17/2021 17:19:25:878,location:29.585587 -98.619609
 CDTJune/17/2021 17:19:29:450,heart_rate:62.0
 CDTJune/17/2021 17:19:34:492,heart_rate:62.0
 CDTJune/17/2021 17:19:35:733,location:29.585587 -98.619609
 CDTJune/17/2021 17:19:45:881,location:29.585587 -98.619609
 CDTJune/17/2021 17:19:55:732,location:29.585587 -98.619609
 CDTJune/17/2021 17:20:05:880,location:29.585587 -98.619609
 CDTJune/17/2021 17:20:15:733,location:29.585587 -98.619609
 CDTJune/17/2021 17:20:25:880,location:29.585587 -98.619609
 CDTJune/17/2021 17:20:35:732,location:29.585587 -98.619609
 CDTJune/17/2021 17:20:45:877,location:29.585602 -98.619558
 CDTJune/17/2021 17:20:55:731,location:29.585602 -98.619558
 CDTJune/17/2021 17:23:48:830,location:29.585571 -98.619549
 CDTJune/17/2021 17:23:49:23,sleep:27020.0
 CDTJune/17/2021 17:23:49:289,blood_o2:97.0
 CDTJune/17/2021 17:23:49:561,noise:61
 CDTJune/17/2021 17:23:49:564,heart_rate:85.0
 CDTJune/17/2021 17:24:25:329,location:29.585571 -98.619549
 CDTJune/17/2021 17:24:25:561,sleep:27020.0
 CDTJune/17/2021 17:24:25:647,noise:61
 CDTJune/17/2021 17:24:25:912,blood_o2:97.0
 CDTJune/17/2021 17:24:25:914,heart_rate:72.0
 CDTJune/17/2021 17:24:32:956,heart_rate:72.0
 CDTJune/17/2021 17:24:37:995,heart_rate:72.0
 CDTJune/17/2021 17:24:41:847,heart_rate:72.0
 CDTJune/17/2021 17:24:45:322,location:29.585571 -98.619549
 CDTJune/17/2021 17:24:46:927,heart_rate:74.0
 CDTJune/17/2021 17:24:51:965,heart_rate:72.0
 CDTJune/17/2021 17:25:08:754,location:29.585587 -98.619621
 CDTJune/17/2021 17:25:09:151,sleep:27020.0
 CDTJune/17/2021 17:25:09:480,blood_o2:97.0
 CDTJune/17/2021 17:25:09:483,noise:61
 CDTJune/17/2021 17:25:10:63,heart_rate:72.0
 CDTJune/17/2021 17:25:11:389,heart_rate:73.0
 CDTJune/17/2021 17:25:17:953,heart_rate:74.0
 CDTJune/17/2021 17:25:21:666,heart_rate:71.0
 CDTJune/17/2021 17:27:46:361,location:29.585602 -98.619563
 CDTJune/17/2021 17:27:46:434,xyz_acc:0.01 -0.42 -0.859
 CDTJune/17/2021 17:27:46:437,resultant_acc:0.956
 CDTJune/17/2021 17:27:46:438,xyz_acc:0.01 -0.42 -0.859
 CDTJune/17/2021 17:27:46:555,resultant_acc:0.956
 CDTJune/17/2021 17:27:46:557,sleep:27020.0
 CDTJune/17/2021 17:27:46:558,xyz_acc:0.008 -0.551 -0.831
 CDTJune/17/2021 17:27:46:613,resultant_acc:0.997
 CDTJune/17/2021 17:27:46:615,xyz_acc:0.053 -0.501 -0.874
 CDTJune/17/2021 17:27:46:646,resultant_acc:1.009
 CDTJune/17/2021 17:27:46:740,xyz_acc:0.046 -0.554 -0.822
 CDTJune/17/2021 17:27:46:742,resultant_acc:0.992
 CDTJune/17/2021 17:27:46:743,blood_o2:97.0
 CDTJune/17/2021 17:27:46:772,xyz_acc:0.028 -0.578 -0.829
 CDTJune/17/2021 17:27:46:881,resultant_acc:1.011
 CDTJune/17/2021 17:27:46:883,noise:61
 CDTJune/17/2021 17:27:46:884,heart_rate:75.0
 CDTJune/17/2021 17:27:46:913,xyz_acc:0.05 -0.489 -0.868
 CDTJune/17/2021 17:27:46:915,resultant_acc:0.998
 CDTJune/17/2021 17:27:47:988,xyz_acc:0.036 -0.514 -0.864
 CDTJune/17/2021 17:27:47:989,resultant_acc:1.006
 CDTJune/17/2021 17:27:47:990,xyz_acc:0.048 -0.559 -0.823
 CDTJune/17/2021 17:27:47:5,resultant_acc:0.996
 CDTJune/17/2021 17:27:47:74,xyz_acc:0.025 -0.494 -0.842
 CDTJune/17/2021 17:27:47:75,resultant_acc:0.977
 CDTJune/17/2021 17:27:47:76,xyz_acc:0.067 -0.512 -0.846
 CDTJune/17/2021 17:27:47:77,resultant_acc:0.991
 CDTJune/17/2021 17:27:47:126,xyz_acc:0.108 -0.563 -0.833
 CDTJune/17/2021 17:27:47:128,resultant_acc:1.011
 CDTJune/17/2021 17:27:47:150,xyz_acc:0.118 -0.59 -0.816
 CDTJune/17/2021 17:27:47:160,resultant_acc:1.014
 CDTJune/17/2021 17:27:47:590,xyz_acc:0.112 -0.62 -0.793
 CDTJune/17/2021 17:27:47:645,resultant_acc:1.013
 CDTJune/17/2021 17:27:47:670,xyz_acc:0.088 -0.532 -0.807
 CDTJune/17/2021 17:27:47:675,resultant_acc:0.971
 CDTJune/17/2021 17:27:47:677,xyz_acc:0.086 -0.587 -0.828
 CDTJune/17/2021 17:27:47:678,resultant_acc:1.019
 CDTJune/17/2021 17:27:47:734,xyz_acc:0.086 -0.574 -0.825
 CDTJune/17/2021 17:27:47:737,resultant_acc:1.009
 CDTJune/17/2021 17:27:47:769,xyz_acc:0.074 -0.547 -0.824
 CDTJune/17/2021 17:27:47:769,resultant_acc:0.992
 CDTJune/17/2021 17:27:47:773,xyz_acc:0.078 -0.565 -0.826
 CDTJune/17/2021 17:27:47:857,resultant_acc:1.004
 CDTJune/17/2021 17:27:47:858,xyz_acc:0.08 -0.556 -0.833
 CDTJune/17/2021 17:27:47:860,resultant_acc:1.005
 CDTJune/17/2021 17:27:47:861,xyz_acc:0.081 -0.551 -0.831
 CDTJune/17/2021 17:27:47:862,resultant_acc:1.0
 CDTJune/17/2021 17:27:47:917,xyz_acc:0.061 -0.554 -0.83
 CDTJune/17/2021 17:27:48:938,resultant_acc:1.0
 CDTJune/17/2021 17:27:48:24,xyz_acc:0.08 -0.529 -0.849
 CDTJune/17/2021 17:27:48:39,resultant_acc:1.004
 CDTJune/17/2021 17:27:48:160,xyz_acc:0.073 -0.549 -0.839
 CDTJune/17/2021 17:27:48:161,resultant_acc:1.005
 CDTJune/17/2021 17:27:48:207,xyz_acc:0.079 -0.538 -0.849
 CDTJune/17/2021 17:27:48:228,resultant_acc:1.008
 CDTJune/17/2021 17:27:48:337,xyz_acc:0.065 -0.526 -0.836
 CDTJune/17/2021 17:27:48:414,resultant_acc:0.99
 CDTJune/17/2021 17:27:48:463,xyz_acc:0.069 -0.552 -0.84
 CDTJune/17/2021 17:27:48:465,resultant_acc:1.008
 CDTJune/17/2021 17:27:48:519,xyz_acc:0.073 -0.544 -0.836
 CDTJune/17/2021 17:27:48:564,resultant_acc:1.0
 CDTJune/17/2021 17:27:48:617,xyz_acc:0.075 -0.536 -0.841
 CDTJune/17/2021 17:27:48:630,resultant_acc:1.0
 CDTJune/17/2021 17:27:48:710,xyz_acc:0.069 -0.559 -0.818
 CDTJune/17/2021 17:27:48:757,resultant_acc:0.993
 CDTJune/17/2021 17:27:48:814,xyz_acc:0.074 -0.537 -0.849
 CDTJune/17/2021 17:27:48:833,resultant_acc:1.007
 CDTJune/17/2021 17:27:49:988,xyz_acc:0.062 -0.553 -0.822
 CDTJune/17/2021 17:27:49:59,resultant_acc:0.993
 CDTJune/17/2021 17:27:49:61,xyz_acc:0.057 -0.545 -0.831
 CDTJune/17/2021 17:27:49:62,resultant_acc:0.995
 CDTJune/17/2021 17:27:49:114,xyz_acc:0.07 -0.546 -0.842
 CDTJune/17/2021 17:27:49:128,resultant_acc:1.006
 CDTJune/17/2021 17:27:49:207,xyz_acc:0.072 -0.564 -0.826
 CDTJune/17/2021 17:27:49:288,resultant_acc:1.003
 CDTJune/17/2021 17:27:49:356,xyz_acc:0.063 -0.56 -0.826
 CDTJune/17/2021 17:27:49:357,resultant_acc:1.0
 CDTJune/17/2021 17:27:49:429,xyz_acc:0.064 -0.561 -0.819
 CDTJune/17/2021 17:27:49:438,resultant_acc:0.995
 CDTJune/17/2021 17:27:49:513,xyz_acc:0.065 -0.571 -0.828
 CDTJune/17/2021 17:27:49:529,resultant_acc:1.008
 CDTJune/17/2021 17:27:50:342,location:29.585602 -98.619563
 CDTJune/17/2021 17:27:50:350,location:29.585602 -98.619563
 CDTJune/17/2021 17:27:50:555,xyz_acc:0.07 -0.562 -0.828
 CDTJune/17/2021 17:27:50:577,resultant_acc:1.003
 CDTJune/17/2021 17:27:50:582,xyz_acc:0.07 -0.572 -0.802
 CDTJune/17/2021 17:27:50:584,resultant_acc:0.988
 CDTJune/17/2021 17:27:50:586,sleep:27020.0
 CDTJune/17/2021 17:27:50:590,xyz_acc:0.053 -0.591 -0.8
 CDTJune/17/2021 17:27:50:602,resultant_acc:0.996
 CDTJune/17/2021 17:27:50:604,xyz_acc:0.07 -0.546 -0.836
 CDTJune/17/2021 17:27:50:606,resultant_acc:1.001
 CDTJune/17/2021 17:27:50:608,xyz_acc:0.066 -0.55 -0.818
 CDTJune/17/2021 17:27:50:665,resultant_acc:0.988
 CDTJune/17/2021 17:27:50:666,blood_o2:97.0
 CDTJune/17/2021 17:27:50:668,xyz_acc:0.066 -0.552 -0.838
 CDTJune/17/2021 17:27:50:670,resultant_acc:1.006
 CDTJune/17/2021 17:27:50:674,noise:61
 CDTJune/17/2021 17:27:50:676,heart_rate:75.0
 CDTJune/17/2021 17:27:50:678,xyz_acc:0.074 -0.523 -0.856
 CDTJune/17/2021 17:27:50:679,resultant_acc:1.006
 CDTJune/17/2021 17:27:50:710,xyz_acc:0.059 -0.568 -0.818
 CDTJune/17/2021 17:27:50:734,resultant_acc:0.998
 CDTJune/17/2021 17:27:50:822,xyz_acc:0.055 -0.538 -0.84
 CDTJune/17/2021 17:27:50:823,resultant_acc:0.999
 CDTJune/17/2021 17:27:50:885,xyz_acc:0.062 -0.544 -0.841
 CDTJune/17/2021 17:27:50:901,resultant_acc:1.004
 CDTJune/17/2021 17:27:51:998,xyz_acc:0.057 -0.548 -0.832
 CDTJune/17/2021 17:27:51:15,resultant_acc:0.998
 CDTJune/17/2021 17:27:51:100,xyz_acc:0.065 -0.553 -0.826
 CDTJune/17/2021 17:27:51:136,resultant_acc:0.996
 CDTJune/17/2021 17:27:51:203,xyz_acc:0.06 -0.502 -0.864
 CDTJune/17/2021 17:27:51:235,resultant_acc:1.001
 CDTJune/17/2021 17:27:51:294,xyz_acc:0.051 -0.492 -0.871
 CDTJune/17/2021 17:27:51:311,resultant_acc:1.002
 CDTJune/17/2021 17:27:51:399,xyz_acc:0.058 -0.553 -0.822
 CDTJune/17/2021 17:27:51:458,resultant_acc:0.992
 CDTJune/17/2021 17:27:51:509,xyz_acc:0.069 -0.513 -0.866
 CDTJune/17/2021 17:27:51:551,resultant_acc:1.009
 CDTJune/17/2021 17:27:51:605,xyz_acc:0.05 -0.518 -0.843
 CDTJune/17/2021 17:27:51:619,resultant_acc:0.991
 CDTJune/17/2021 17:27:51:693,xyz_acc:0.039 -0.548 -0.833
 CDTJune/17/2021 17:27:51:715,resultant_acc:0.998
 CDTJune/17/2021 17:27:51:786,xyz_acc:0.068 -0.488 -0.869
 CDTJune/17/2021 17:27:51:806,resultant_acc:0.999
 CDTJune/17/2021 17:27:51:882,xyz_acc:0.046 -0.554 -0.828
 CDTJune/17/2021 17:27:52:935,resultant_acc:0.997
 CDTJune/17/2021 17:27:52:3,xyz_acc:0.065 -0.519 -0.857
 CDTJune/17/2021 17:27:52:57,resultant_acc:1.004
 CDTJune/17/2021 17:27:52:83,xyz_acc:0.045 -0.541 -0.83
 CDTJune/17/2021 17:27:52:116,resultant_acc:0.992
 CDTJune/17/2021 17:27:52:202,xyz_acc:0.036 -0.544 -0.836
 CDTJune/17/2021 17:27:52:236,resultant_acc:0.998
 CDTJune/17/2021 17:27:52:385,xyz_acc:0.056 -0.493 -0.86
 CDTJune/17/2021 17:27:52:386,resultant_acc:0.993
 CDTJune/17/2021 17:27:52:409,xyz_acc:0.069 -0.549 -0.841
 CDTJune/17/2021 17:27:52:411,resultant_acc:1.007
 CDTJune/17/2021 17:27:52:493,xyz_acc:0.055 -0.544 -0.834
 CDTJune/17/2021 17:27:52:508,resultant_acc:0.997
 CDTJune/17/2021 17:27:52:597,xyz_acc:0.063 -0.512 -0.857
 CDTJune/17/2021 17:27:52:663,resultant_acc:1.0
 CDTJune/17/2021 17:27:52:684,xyz_acc:0.052 -0.537 -0.842
 CDTJune/17/2021 17:27:52:727,resultant_acc:1.0
 CDTJune/17/2021 17:27:52:824,xyz_acc:0.072 -0.511 -0.858
 CDTJune/17/2021 17:27:52:884,resultant_acc:1.001
 CDTJune/17/2021 17:27:53:949,heart_rate:74.0
 CDTJune/17/2021 17:27:53:952,xyz_acc:0.049 -0.52 -0.85
 CDTJune/17/2021 17:27:53:953,resultant_acc:0.998
 CDTJune/17/2021 17:27:53:7,xyz_acc:0.063 -0.526 -0.851
 CDTJune/17/2021 17:27:53:8,resultant_acc:1.002
 CDTJune/17/2021 17:27:53:93,xyz_acc:0.072 -0.499 -0.867
 CDTJune/17/2021 17:27:53:153,resultant_acc:1.003
 CDTJune/17/2021 17:27:53:218,xyz_acc:0.046 -0.505 -0.849
 CDTJune/17/2021 17:27:53:219,resultant_acc:0.989
 CDTJune/17/2021 17:27:53:307,xyz_acc:0.072 -0.479 -0.884
 CDTJune/17/2021 17:27:53:364,resultant_acc:1.008
 CDTJune/17/2021 17:27:53:453,xyz_acc:0.065 -0.508 -0.853
 CDTJune/17/2021 17:27:53:455,resultant_acc:0.995
 CDTJune/17/2021 17:27:53:520,xyz_acc:0.059 -0.475 -0.867
 CDTJune/17/2021 17:27:53:521,resultant_acc:0.99
 CDTJune/17/2021 17:27:53:603,xyz_acc:0.088 -0.261 -0.956
 CDTJune/17/2021 17:27:53:631,resultant_acc:0.995
 CDTJune/17/2021 17:27:53:753,xyz_acc:0.078 -0.142 -0.998
 CDTJune/17/2021 17:27:53:785,resultant_acc:1.011
 CDTJune/17/2021 17:27:53:850,xyz_acc:0.187 -0.523 -0.883
 CDTJune/17/2021 17:27:53:852,resultant_acc:1.043
 CDTJune/17/2021 17:27:53:903,xyz_acc:0.313 -0.34 -0.964
 CDTJune/17/2021 17:27:54:963,resultant_acc:1.069
 CDTJune/17/2021 17:27:54:27,xyz_acc:0.295 -0.286 -0.938
 CDTJune/17/2021 17:27:54:28,resultant_acc:1.024
 CDTJune/17/2021 17:27:54:85,xyz_acc:0.195 -0.289 -0.895
 CDTJune/17/2021 17:27:54:143,resultant_acc:0.961
 CDTJune/17/2021 17:27:54:206,xyz_acc:0.226 -0.434 -0.918
 CDTJune/17/2021 17:27:54:263,resultant_acc:1.04
 CDTJune/17/2021 17:27:54:329,xyz_acc:0.296 -0.409 -0.842
 CDTJune/17/2021 17:27:54:331,resultant_acc:0.982
 CDTJune/17/2021 17:27:54:385,xyz_acc:0.204 -0.376 -0.919
 CDTJune/17/2021 17:27:54:442,resultant_acc:1.014
 CDTJune/17/2021 17:27:54:509,xyz_acc:0.217 -0.393 -0.862
 CDTJune/17/2021 17:27:54:595,resultant_acc:0.972
 CDTJune/17/2021 17:28:06:357,location:29.585602 -98.619563
 CDTJune/18/2021 08:34:58:587,location:29.585571 -98.619628
 CDTJune/18/2021 08:34:58:603,location:29.585571 -98.619628
 CDTJune/18/2021 08:35:07:25,location:29.585587 -98.619574
 CDTJune/18/2021 08:35:07:32,location:29.585587 -98.619574
 CDTJune/18/2021 08:35:15:843,location:29.585587 -98.619574
 CDTJune/18/2021 08:35:15:852,location:29.585587 -98.619574
 CDTJune/18/2021 08:37:46:982,location:29.585571 -98.619627
 CDTJune/18/2021 08:37:47:2,location:29.585571 -98.619627
 CDTJune/18/2021 08:37:48:429,location:29.585571 -98.619627
 CDTJune/18/2021 08:37:48:436,location:29.585571 -98.619627
 CDTJune/18/2021 08:37:54:795,location:29.585571 -98.619627
 CDTJune/18/2021 08:37:54:803,location:29.585571 -98.619627
 CDTJune/18/2021 08:38:08:437,location:29.585571 -98.619627
 CDTJune/18/2021 08:38:14:808,location:29.585571 -98.619627
 CDTJune/18/2021 08:38:34:141,location:29.585571 -98.619627
 CDTJune/18/2021 08:38:34:153,location:29.585571 -98.619627
 CDTJune/18/2021 08:38:44:377,location:29.585571 -98.619627
 CDTJune/18/2021 08:38:44:385,location:29.585571 -98.619627
 CDTJune/18/2021 08:38:54:158,location:29.585571 -98.619627
 CDTJune/18/2021 08:39:04:389,location:29.585571 -98.619627
 CDTJune/18/2021 08:39:21:170,location:29.585571 -98.619627
 CDTJune/18/2021 08:39:21:183,location:29.585571 -98.619627
 CDTJune/18/2021 08:39:41:188,location:29.585571 -98.619561
 CDTJune/18/2021 08:39:47:910,location:29.585571 -98.619561
 CDTJune/18/2021 08:39:47:920,location:29.585571 -98.619561
 CDTJune/18/2021 08:40:01:188,location:29.585571 -98.619561
 CDTJune/18/2021 08:40:07:923,location:29.585571 -98.619561
 CDTJune/18/2021 08:40:21:188,location:29.585571 -98.619561
 CDTJune/18/2021 08:40:27:924,location:29.585571 -98.619561
 CDTJune/18/2021 08:41:20:492,location:29.585556 -98.619601
 CDTJune/18/2021 08:41:20:505,location:29.585556 -98.619601
 CDTJune/18/2021 08:41:31:152,location:29.585556 -98.619601
 CDTJune/18/2021 08:41:31:163,location:29.585556 -98.619601
 CDTJune/18/2021 08:42:03:260,location:29.585556 -98.619601
 CDTJune/18/2021 08:42:03:271,location:29.585556 -98.619601
 CDTJune/18/2021 08:42:20:628,location:29.585571 -98.619561
 CDTJune/18/2021 08:42:20:636,location:29.585571 -98.619561
 CDTJune/18/2021 08:42:36:228,location:29.585571 -98.619561
 CDTJune/18/2021 08:42:36:236,location:29.585571 -98.619561
 CDTJune/18/2021 08:42:56:237,location:29.585571 -98.619561
 CDTJune/18/2021 08:42:58:649,location:29.585571 -98.619561
 CDTJune/18/2021 08:42:58:659,location:29.585571 -98.619561
 CDTJune/18/2021 08:43:00:439,location:29.585571 -98.619561
 CDTJune/18/2021 08:43:00:446,location:29.585571 -98.619561
 CDTJune/18/2021 08:43:01:145,location:29.585571 -98.619561
 CDTJune/18/2021 08:43:01:152,location:29.585571 -98.619561
 CDTJune/18/2021 08:43:02:152,location:29.585571 -98.619561
 CDTJune/18/2021 08:43:02:161,location:29.585571 -98.619561
 CDTJune/18/2021 08:43:04:610,location:29.585571 -98.619561
 CDTJune/18/2021 08:43:04:618,location:29.585571 -98.619561
 CDTJune/18/2021 08:43:10:546,location:29.585571 -98.619561
 CDTJune/18/2021 08:43:21:83,location:29.585571 -98.619586
 CDTJune/18/2021 08:43:21:90,location:29.585571 -98.619586
 CDTJune/18/2021 08:43:30:541,location:29.585571 -98.619586
 CDTJune/18/2021 08:43:37:458,location:29.585571 -98.619586
 CDTJune/18/2021 08:43:37:466,location:29.585571 -98.619586
 CDTJune/18/2021 08:43:41:95,location:29.585571 -98.619586
 CDTJune/18/2021 08:44:10:951,location:29.585571 -98.619586
 CDTJune/18/2021 08:44:10:967,location:29.585571 -98.619586
 CDTJune/18/2021 08:44:30:969,location:29.585571 -98.619586
 CDTJune/18/2021 08:44:41:849,location:29.585571 -98.619586
 CDTJune/18/2021 08:44:41:858,location:29.585571 -98.619586
 CDTJune/18/2021 08:45:01:861,location:29.585571 -98.619586
 CDTJune/18/2021 08:45:21:864,location:29.585571 -98.619586
 CDTJune/18/2021 08:45:41:863,location:29.585571 -98.619586
 CDTJune/18/2021 08:46:01:863,location:29.585571 -98.619586
 CDTJune/18/2021 08:52:21:671,location:29.585571 -98.619586
 CDTJune/18/2021 08:52:35:76,location:29.585663 -98.619596
 CDTJune/18/2021 09:34:25:624,location:29.585556 -98.619610
 CDTJune/18/2021 09:34:25:650,location:29.585556 -98.619610
 CDTJune/18/2021 09:34:25:932,sleep:133.0
 CDTJune/18/2021 09:34:25:5,noise:52
 CDTJune/18/2021 09:34:25:123,blood_o2:97.0
 CDTJune/18/2021 09:34:25:223,heart_rate:78.0
 CDTJune/18/2021 09:34:32:380,heart_rate:71.0
 CDTJune/18/2021 09:34:37:233,heart_rate:76.0
 CDTJune/18/2021 09:34:41:193,heart_rate:75.0
 CDTJune/18/2021 09:34:45:650,location:29.585556 -98.619610
 CDTJune/18/2021 09:35:08:203,location:29.585556 -98.619610
 CDTJune/18/2021 09:35:08:223,location:29.585556 -98.619610
 CDTJune/18/2021 09:35:09:718,sleep:133.0
 CDTJune/18/2021 09:35:10:615,blood_o2:97.0
 CDTJune/18/2021 09:35:12:275,noise:52
 CDTJune/18/2021 09:35:12:280,heart_rate:72.0
 CDTJune/18/2021 09:35:12:995,heart_rate:69.0
 CDTJune/18/2021 09:35:17:251,heart_rate:69.0
 CDTJune/18/2021 09:35:21:564,heart_rate:72.0
 CDTJune/18/2021 09:35:26:594,heart_rate:66.0
 CDTJune/18/2021 09:35:28:222,location:29.585556 -98.619610
 CDTJune/18/2021 09:35:31:688,heart_rate:66.0
 CDTJune/18/2021 09:35:36:813,heart_rate:66.0
 CDTJune/18/2021 09:35:41:918,heart_rate:69.0
 CDTJune/18/2021 09:35:46:984,heart_rate:70.0
 CDTJune/18/2021 09:35:48:222,location:29.585556 -98.619610
 CDTJune/18/2021 09:35:51:144,heart_rate:69.0
 CDTJune/18/2021 09:35:57:265,heart_rate:70.0
 CDTJune/18/2021 09:57:04:314,location:29.585480 -98.619556
 CDTJune/18/2021 09:57:04:337,location:29.585480 -98.619556
 CDTJune/18/2021 09:57:04:562,sleep:133.0
 CDTJune/18/2021 09:57:04:646,blood_o2:97.0
 CDTJune/18/2021 09:57:04:656,noise:46
 CDTJune/18/2021 09:57:04:971,heart_rate:71.0
 CDTJune/18/2021 09:57:15:34,heart_rate:72.0
 CDTJune/18/2021 09:57:20:859,heart_rate:72.0
 CDTJune/18/2021 09:57:24:335,location:29.585480 -98.619556
 CDTJune/18/2021 09:57:25:870,heart_rate:74.0
 CDTJune/18/2021 09:57:30:849,heart_rate:77.0
 CDTJune/18/2021 09:57:35:829,heart_rate:76.0
 CDTJune/18/2021 09:57:40:873,heart_rate:75.0
 CDTJune/18/2021 09:57:44:336,location:29.585480 -98.619556
 CDTJune/18/2021 09:57:45:878,heart_rate:76.0
 CDTJune/18/2021 09:57:50:858,heart_rate:78.0
 CDTJune/18/2021 09:57:55:871,heart_rate:81.0
 CDTJune/18/2021 09:58:00:827,heart_rate:88.0
 CDTJune/18/2021 09:58:04:335,location:29.585617 -98.619553
 CDTJune/18/2021 09:58:05:830,heart_rate:92.0
 CDTJune/18/2021 09:59:31:845,location:29.585617 -98.619553
 CDTJune/18/2021 09:59:31:869,location:29.585617 -98.619553
 CDTJune/18/2021 09:59:31:985,sleep:133.0
 CDTJune/18/2021 09:59:31:996,noise:46
 CDTJune/18/2021 09:59:32:351,blood_o2:97.0
 CDTJune/18/2021 09:59:32:382,heart_rate:76.0
 CDTJune/18/2021 09:59:38:772,location:29.585617 -98.619553
 CDTJune/18/2021 09:59:38:792,location:29.585617 -98.619553
 CDTJune/18/2021 09:59:39:208,sleep:133.0
 CDTJune/18/2021 09:59:39:215,heart_rate:66.0
 CDTJune/18/2021 09:59:39:221,blood_o2:97.0
 CDTJune/18/2021 09:59:39:228,noise:46
 CDTJune/18/2021 09:59:54:538,location:29.585571 -98.619589
 CDTJune/18/2021 09:59:54:549,location:29.585571 -98.619589
 CDTJune/18/2021 09:59:54:726,sleep:133.0
 CDTJune/18/2021 09:59:54:734,blood_o2:97.0
 CDTJune/18/2021 09:59:54:945,noise:46
 CDTJune/18/2021 09:59:54:948,heart_rate:70.0
 CDTJune/18/2021 09:59:57:382,heart_rate:71.0
 CDTJune/18/2021 10:00:02:177,heart_rate:73.0
 CDTJune/18/2021 10:00:07:739,heart_rate:84.0
 CDTJune/18/2021 10:00:12:167,heart_rate:87.0
 CDTJune/18/2021 10:00:17:828,heart_rate:81.0
 CDTJune/18/2021 10:00:22:925,heart_rate:80.0
 CDTJune/18/2021 10:00:27:120,heart_rate:80.0
 CDTJune/18/2021 10:00:32:192,heart_rate:83.0
 CDTJune/18/2021 10:00:37:170,heart_rate:80.0
 CDTJune/18/2021 10:00:42:154,heart_rate:79.0
 CDTJune/18/2021 10:00:48:251,heart_rate:77.0
 CDTJune/18/2021 10:00:53:227,heart_rate:77.0
 CDTJune/18/2021 10:00:55:351,location:29.585571 -98.619589
 CDTJune/18/2021 10:00:55:358,location:29.585571 -98.619589
 CDTJune/18/2021 10:00:55:568,sleep:133.0
 CDTJune/18/2021 10:00:55:585,blood_o2:97.0
 CDTJune/18/2021 10:00:55:587,noise:46
 CDTJune/18/2021 10:00:55:670,heart_rate:77.0
 CDTJune/18/2021 10:00:57:122,heart_rate:77.0
 CDTJune/18/2021 10:01:11:664,location:29.585571 -98.619589
 CDTJune/18/2021 10:01:11:672,location:29.585571 -98.619589
 CDTJune/18/2021 10:01:11:16,sleep:133.0
 CDTJune/18/2021 10:01:11:166,noise:46
 CDTJune/18/2021 10:01:12:997,blood_o2:97.0
 CDTJune/18/2021 10:01:12:25,heart_rate:83.0
 CDTJune/18/2021 10:01:13:605,heart_rate:76.0
 CDTJune/18/2021 10:01:18:373,heart_rate:74.0
 CDTJune/18/2021 10:01:22:165,heart_rate:74.0
 CDTJune/18/2021 10:01:28:676,heart_rate:74.0
 CDTJune/18/2021 10:01:33:481,heart_rate:75.0
 CDTJune/18/2021 10:01:37:127,heart_rate:75.0
 CDTJune/18/2021 10:01:42:277,heart_rate:76.0
 CDTJune/18/2021 10:01:47:498,heart_rate:82.0
 CDTJune/18/2021 10:01:52:534,heart_rate:81.0
 CDTJune/18/2021 10:01:57:578,heart_rate:81.0
 CDTJune/18/2021 10:02:02:761,heart_rate:76.0
 CDTJune/18/2021 10:02:07:808,heart_rate:75.0
 CDTJune/18/2021 10:02:12:965,heart_rate:73.0
 CDTJune/18/2021 10:02:17:98,heart_rate:75.0
 CDTJune/18/2021 10:02:23:198,heart_rate:72.0
 CDTJune/18/2021 10:02:28:239,heart_rate:70.0
 CDTJune/18/2021 10:02:32:191,heart_rate:71.0
 CDTJune/18/2021 10:02:38:198,heart_rate:78.0
 CDTJune/18/2021 10:02:43:215,heart_rate:79.0
 CDTJune/18/2021 10:02:48:220,heart_rate:85.0
 CDTJune/18/2021 10:02:53:325,heart_rate:88.0
 CDTJune/18/2021 10:02:57:172,heart_rate:88.0
 CDTJune/18/2021 10:03:03:217,heart_rate:74.0
 CDTJune/18/2021 10:03:08:230,heart_rate:74.0
 CDTJune/18/2021 10:03:13:264,heart_rate:74.0
 CDTJune/18/2021 10:03:18:218,heart_rate:74.0
 CDTJune/18/2021 10:03:23:324,heart_rate:75.0
 CDTJune/18/2021 10:03:28:207,heart_rate:72.0
 CDTJune/18/2021 10:03:32:260,heart_rate:69.0
 CDTJune/18/2021 10:03:37:361,heart_rate:70.0
 CDTJune/18/2021 10:03:42:490,heart_rate:70.0
 CDTJune/18/2021 10:03:47:741,heart_rate:77.0
 CDTJune/18/2021 10:03:52:688,heart_rate:76.0
 CDTJune/18/2021 10:03:57:879,heart_rate:74.0
 CDTJune/18/2021 10:04:02:948,heart_rate:71.0
 CDTJune/18/2021 10:04:07:78,heart_rate:67.0
 CDTJune/18/2021 10:04:13:208,heart_rate:68.0
 CDTJune/18/2021 10:04:18:217,heart_rate:71.0
 CDTJune/18/2021 10:04:23:204,heart_rate:72.0
 CDTJune/18/2021 10:04:28:210,heart_rate:69.0
 CDTJune/18/2021 10:04:33:280,heart_rate:68.0
 CDTJune/18/2021 10:04:38:202,heart_rate:71.0
 CDTJune/18/2021 10:04:43:573,heart_rate:72.0
 CDTJune/18/2021 10:04:48:275,heart_rate:73.0
 CDTJune/18/2021 10:04:53:260,heart_rate:73.0
 CDTJune/18/2021 10:04:58:246,heart_rate:72.0
 CDTJune/18/2021 10:05:03:661,blood_o2:96.0
 CDTJune/18/2021 10:05:03:910,heart_rate:68.0
 CDTJune/18/2021 10:05:08:343,heart_rate:70.0
 CDTJune/18/2021 10:05:13:211,heart_rate:69.0
 CDTJune/18/2021 10:05:18:218,heart_rate:70.0
 CDTJune/18/2021 10:05:23:325,heart_rate:72.0
 CDTJune/18/2021 10:05:27:442,heart_rate:73.0
 CDTJune/18/2021 10:05:32:534,heart_rate:73.0
 CDTJune/18/2021 10:05:37:541,heart_rate:73.0
 CDTJune/18/2021 10:05:42:175,heart_rate:71.0
 CDTJune/18/2021 10:05:47:919,heart_rate:71.0
 CDTJune/18/2021 10:05:52:902,heart_rate:72.0
 CDTJune/18/2021 10:05:57:0,heart_rate:70.0
 CDTJune/18/2021 10:06:03:281,heart_rate:70.0
 CDTJune/18/2021 10:06:08:255,heart_rate:70.0
 CDTJune/18/2021 10:06:13:273,heart_rate:71.0
 CDTJune/18/2021 10:06:18:393,heart_rate:70.0
 CDTJune/18/2021 10:06:23:263,heart_rate:70.0
 CDTJune/18/2021 10:06:28:263,heart_rate:70.0
 CDTJune/18/2021 10:06:33:310,heart_rate:71.0
 CDTJune/18/2021 10:06:38:202,heart_rate:73.0
 CDTJune/18/2021 10:06:43:361,heart_rate:75.0
 CDTJune/18/2021 10:06:48:310,heart_rate:78.0
 CDTJune/18/2021 10:06:53:440,heart_rate:77.0
 CDTJune/18/2021 10:06:58:304,heart_rate:78.0
 CDTJune/18/2021 10:07:03:401,heart_rate:81.0
 CDTJune/18/2021 10:07:08:410,heart_rate:81.0
 CDTJune/18/2021 10:07:13:238,heart_rate:80.0
 CDTJune/18/2021 10:07:17:319,heart_rate:80.0
 CDTJune/18/2021 10:07:22:423,heart_rate:75.0
 CDTJune/18/2021 10:07:27:825,blood_o2:98.0
 CDTJune/18/2021 10:07:27:16,heart_rate:66.0
 CDTJune/18/2021 10:07:32:638,heart_rate:68.0
 CDTJune/18/2021 10:07:37:751,heart_rate:67.0
 CDTJune/18/2021 10:07:42:882,heart_rate:69.0
 CDTJune/18/2021 10:07:47:41,heart_rate:69.0
 CDTJune/18/2021 10:07:52:84,heart_rate:69.0
 CDTJune/18/2021 10:07:58:238,heart_rate:71.0
 CDTJune/18/2021 10:08:03:223,heart_rate:70.0
 CDTJune/18/2021 10:08:08:233,heart_rate:70.0
 CDTJune/18/2021 10:08:13:242,heart_rate:70.0
 CDTJune/18/2021 10:08:17:6,noise:50
 CDTJune/18/2021 10:08:18:252,heart_rate:70.0
 CDTJune/18/2021 10:08:23:257,heart_rate:69.0
 CDTJune/18/2021 10:08:28:250,heart_rate:71.0
 CDTJune/18/2021 10:08:33:226,heart_rate:74.0
 CDTJune/18/2021 10:08:38:231,heart_rate:75.0
 CDTJune/18/2021 10:08:43:243,heart_rate:74.0
 CDTJune/18/2021 10:08:47:186,heart_rate:73.0
 CDTJune/18/2021 10:08:53:210,heart_rate:73.0
 CDTJune/18/2021 10:08:57:186,heart_rate:72.0
 CDTJune/18/2021 10:09:02:135,heart_rate:71.0
 CDTJune/18/2021 10:09:07:214,heart_rate:68.0
 CDTJune/18/2021 10:09:12:344,heart_rate:68.0
 CDTJune/18/2021 10:09:17:437,heart_rate:69.0
 CDTJune/18/2021 10:09:22:576,heart_rate:69.0
 CDTJune/18/2021 10:09:27:709,heart_rate:71.0
 CDTJune/18/2021 10:09:32:919,heart_rate:70.0
 CDTJune/18/2021 10:09:37:862,heart_rate:70.0
 CDTJune/18/2021 10:09:43:547,heart_rate:74.0
 CDTJune/18/2021 10:09:47:106,heart_rate:75.0
 CDTJune/18/2021 10:09:52:169,heart_rate:77.0
 CDTJune/18/2021 10:09:58:248,heart_rate:73.0
 CDTJune/18/2021 10:10:03:192,heart_rate:71.0
 CDTJune/18/2021 10:10:08:219,heart_rate:70.0
 CDTJune/18/2021 10:10:13:420,heart_rate:70.0
 CDTJune/18/2021 10:10:17:191,heart_rate:72.0
 CDTJune/18/2021 10:10:22:174,heart_rate:69.0
 CDTJune/18/2021 10:10:28:276,heart_rate:68.0
 CDTJune/18/2021 10:10:33:196,heart_rate:68.0
 CDTJune/18/2021 10:10:38:261,heart_rate:70.0
 CDTJune/18/2021 10:10:42:189,heart_rate:69.0
 CDTJune/18/2021 10:10:48:221,heart_rate:69.0
 CDTJune/18/2021 10:10:52:174,heart_rate:67.0
 CDTJune/18/2021 10:10:55:360,location:29.585556 -98.619643
 CDTJune/18/2021 10:10:56:186,heart_rate:67.0
 CDTJune/18/2021 10:11:02:324,heart_rate:67.0
 CDTJune/18/2021 10:11:07:421,heart_rate:70.0
 CDTJune/18/2021 10:11:11:673,location:29.585556 -98.619643
 CDTJune/18/2021 10:11:12:528,heart_rate:75.0
 CDTJune/18/2021 10:11:17:659,heart_rate:81.0
 CDTJune/18/2021 10:11:22:780,heart_rate:80.0
 CDTJune/18/2021 10:11:27:916,heart_rate:79.0
 CDTJune/18/2021 10:11:32:12,heart_rate:76.0
 CDTJune/18/2021 10:11:37:116,heart_rate:76.0
 CDTJune/18/2021 10:11:43:213,heart_rate:75.0
 CDTJune/18/2021 10:11:48:223,heart_rate:74.0
 CDTJune/18/2021 10:11:53:200,heart_rate:73.0
 CDTJune/18/2021 10:11:57:180,heart_rate:73.0
 CDTJune/18/2021 10:12:03:221,heart_rate:76.0
 CDTJune/18/2021 10:12:07:175,heart_rate:72.0
 CDTJune/18/2021 10:12:13:236,heart_rate:72.0
 CDTJune/18/2021 10:12:17:165,heart_rate:71.0
 CDTJune/18/2021 10:12:23:231,heart_rate:77.0
 CDTJune/18/2021 10:12:27:180,heart_rate:77.0
 CDTJune/18/2021 10:12:33:193,heart_rate:75.0
 CDTJune/18/2021 10:12:37:191,heart_rate:74.0
 CDTJune/18/2021 10:12:42:166,heart_rate:73.0
 CDTJune/18/2021 10:12:48:222,heart_rate:74.0
 CDTJune/18/2021 10:12:52:273,heart_rate:74.0
 CDTJune/18/2021 10:12:57:351,heart_rate:75.0
 CDTJune/18/2021 10:13:02:593,heart_rate:76.0
 CDTJune/18/2021 10:13:07:600,heart_rate:77.0
 CDTJune/18/2021 10:13:12:730,heart_rate:77.0
 CDTJune/18/2021 10:13:17:835,heart_rate:76.0
 CDTJune/18/2021 10:13:22:968,heart_rate:74.0
 CDTJune/18/2021 10:13:27:122,heart_rate:73.0
 CDTJune/18/2021 10:13:33:226,heart_rate:73.0
 CDTJune/18/2021 10:13:38:232,heart_rate:73.0
 CDTJune/18/2021 10:13:43:249,heart_rate:75.0
 CDTJune/18/2021 10:13:48:223,heart_rate:77.0
 CDTJune/18/2021 10:13:53:201,heart_rate:77.0
 CDTJune/18/2021 10:13:58:214,heart_rate:73.0
 CDTJune/18/2021 10:14:03:254,heart_rate:73.0
 CDTJune/18/2021 10:14:07:162,heart_rate:74.0
 CDTJune/18/2021 10:14:12:186,heart_rate:76.0
 CDTJune/18/2021 10:14:18:225,heart_rate:78.0
 CDTJune/18/2021 10:14:22:185,heart_rate:76.0
 CDTJune/18/2021 10:14:28:212,heart_rate:75.0
 CDTJune/18/2021 10:14:32:166,heart_rate:76.0
 CDTJune/18/2021 10:14:37:170,heart_rate:81.0
 CDTJune/18/2021 10:14:42:224,heart_rate:87.0
 CDTJune/18/2021 10:14:47:387,heart_rate:81.0
 CDTJune/18/2021 10:14:52:489,heart_rate:82.0
 CDTJune/18/2021 10:14:57:647,heart_rate:90.0
 CDTJune/18/2021 10:15:02:715,heart_rate:91.0
 CDTJune/18/2021 10:15:07:844,heart_rate:91.0
 CDTJune/18/2021 10:15:12:912,heart_rate:97.0
 CDTJune/18/2021 10:15:17:169,heart_rate:92.0
 CDTJune/18/2021 10:15:22:147,heart_rate:92.0
 CDTJune/18/2021 10:15:27:183,heart_rate:92.0
 CDTJune/18/2021 10:15:33:226,heart_rate:91.0
 CDTJune/18/2021 10:15:38:232,heart_rate:85.0
 CDTJune/18/2021 10:15:43:216,heart_rate:85.0
 CDTJune/18/2021 10:15:48:282,heart_rate:84.0
 CDTJune/18/2021 10:15:53:208,heart_rate:83.0
 CDTJune/18/2021 10:15:58:245,heart_rate:82.0
 CDTJune/18/2021 10:16:03:257,heart_rate:78.0
 CDTJune/18/2021 10:16:08:233,heart_rate:78.0
 CDTJune/18/2021 10:16:13:274,heart_rate:75.0
 CDTJune/18/2021 10:16:18:225,heart_rate:74.0
 CDTJune/18/2021 10:16:22:170,heart_rate:77.0
 CDTJune/18/2021 10:16:27:191,heart_rate:75.0
 CDTJune/18/2021 10:16:31:177,heart_rate:73.0
 CDTJune/18/2021 10:16:37:307,heart_rate:70.0
 CDTJune/18/2021 10:16:42:374,heart_rate:71.0
 CDTJune/18/2021 10:16:47:535,heart_rate:71.0
 CDTJune/18/2021 10:16:52:662,heart_rate:71.0
 CDTJune/18/2021 10:16:57:796,heart_rate:70.0
 CDTJune/18/2021 10:17:02:925,heart_rate:68.0
 CDTJune/18/2021 10:17:07:24,heart_rate:67.0
 CDTJune/18/2021 10:17:12:123,heart_rate:67.0
 CDTJune/18/2021 10:17:18:196,heart_rate:67.0
 CDTJune/18/2021 10:17:23:208,heart_rate:68.0
 CDTJune/18/2021 10:17:28:219,heart_rate:66.0
 CDTJune/18/2021 10:17:33:198,heart_rate:73.0
 CDTJune/18/2021 10:17:38:239,heart_rate:70.0
 CDTJune/18/2021 10:17:43:243,heart_rate:71.0
 CDTJune/18/2021 10:17:48:227,heart_rate:70.0
 CDTJune/18/2021 10:17:53:211,heart_rate:71.0
 CDTJune/18/2021 10:17:58:247,heart_rate:74.0
 CDTJune/18/2021 10:18:03:225,heart_rate:73.0
 CDTJune/18/2021 10:18:07:179,heart_rate:73.0
 CDTJune/18/2021 10:18:13:215,heart_rate:72.0
 CDTJune/18/2021 10:18:18:195,heart_rate:72.0
 CDTJune/18/2021 10:18:22:179,heart_rate:70.0
 CDTJune/18/2021 10:18:27:287,heart_rate:69.0
 CDTJune/18/2021 10:18:32:412,heart_rate:71.0
 CDTJune/18/2021 10:18:37:516,heart_rate:73.0
 CDTJune/18/2021 10:18:42:710,heart_rate:76.0
 CDTJune/18/2021 10:18:47:744,heart_rate:77.0
 CDTJune/18/2021 10:18:52:814,heart_rate:75.0
 CDTJune/18/2021 10:18:57:98,heart_rate:75.0
 CDTJune/18/2021 10:19:02:107,heart_rate:75.0
 CDTJune/18/2021 10:19:08:264,heart_rate:73.0
 CDTJune/18/2021 10:19:12:188,heart_rate:72.0
 CDTJune/18/2021 10:19:18:230,heart_rate:70.0
 CDTJune/18/2021 10:19:23:358,heart_rate:70.0
 CDTJune/18/2021 10:19:28:307,heart_rate:74.0
 CDTJune/18/2021 10:19:33:202,heart_rate:76.0
 CDTJune/18/2021 10:19:38:206,heart_rate:74.0
 CDTJune/18/2021 10:19:43:216,heart_rate:74.0
 CDTJune/18/2021 10:19:48:223,heart_rate:79.0
 CDTJune/18/2021 10:19:52:177,heart_rate:72.0
 CDTJune/18/2021 10:19:58:220,heart_rate:71.0
 CDTJune/18/2021 10:20:03:260,heart_rate:72.0
 CDTJune/18/2021 10:20:07:172,heart_rate:72.0
 CDTJune/18/2021 10:20:12:190,heart_rate:75.0
 CDTJune/18/2021 10:20:17:267,heart_rate:71.0
 CDTJune/18/2021 10:20:22:339,heart_rate:71.0
 CDTJune/18/2021 10:20:27:527,heart_rate:70.0
 CDTJune/18/2021 10:20:32:566,heart_rate:70.0
 CDTJune/18/2021 10:20:37:730,heart_rate:73.0
 CDTJune/18/2021 10:20:42:857,heart_rate:71.0
 CDTJune/18/2021 10:20:47:955,heart_rate:73.0
 CDTJune/18/2021 10:20:52:33,heart_rate:70.0
 CDTJune/18/2021 10:20:57:187,heart_rate:69.0
 CDTJune/18/2021 10:21:03:202,heart_rate:67.0
 CDTJune/18/2021 10:21:08:856,heart_rate:67.0
 CDTJune/18/2021 10:21:13:208,heart_rate:65.0
 CDTJune/18/2021 10:21:17:136,heart_rate:70.0
 CDTJune/18/2021 10:21:23:239,heart_rate:71.0
 CDTJune/18/2021 10:21:27:190,heart_rate:71.0
 CDTJune/18/2021 10:21:33:227,heart_rate:71.0
 CDTJune/18/2021 10:21:38:271,heart_rate:73.0
 CDTJune/18/2021 10:21:43:223,heart_rate:76.0
 CDTJune/18/2021 10:21:48:288,heart_rate:74.0
 CDTJune/18/2021 10:21:53:240,heart_rate:72.0
 CDTJune/18/2021 10:21:58:222,heart_rate:73.0
 CDTJune/18/2021 10:22:03:258,heart_rate:73.0
 CDTJune/18/2021 10:22:06:189,heart_rate:74.0
 CDTJune/18/2021 10:22:12:320,heart_rate:72.0
 CDTJune/18/2021 10:22:17:420,heart_rate:68.0
 CDTJune/18/2021 10:22:22:516,heart_rate:69.0
 CDTJune/18/2021 10:22:27:684,heart_rate:69.0
 CDTJune/18/2021 10:22:32:775,heart_rate:69.0
 CDTJune/18/2021 10:22:37:907,heart_rate:71.0
 CDTJune/18/2021 10:22:42:14,heart_rate:70.0
 CDTJune/18/2021 10:22:47:135,heart_rate:71.0
 CDTJune/18/2021 10:22:53:207,heart_rate:78.0
 CDTJune/18/2021 10:22:57:191,heart_rate:74.0
 CDTJune/18/2021 10:23:03:198,heart_rate:77.0
 CDTJune/18/2021 10:23:07:180,heart_rate:76.0
 CDTJune/18/2021 10:23:13:245,heart_rate:76.0
 CDTJune/18/2021 10:23:18:231,heart_rate:74.0
 CDTJune/18/2021 10:23:23:209,heart_rate:70.0
 CDTJune/18/2021 10:23:28:247,heart_rate:66.0
 CDTJune/18/2021 10:23:33:226,heart_rate:66.0
 CDTJune/18/2021 10:23:37:178,heart_rate:68.0
 CDTJune/18/2021 10:23:43:216,heart_rate:68.0
 CDTJune/18/2021 10:23:48:229,heart_rate:69.0
 CDTJune/18/2021 10:23:53:211,heart_rate:69.0
 CDTJune/18/2021 10:23:58:247,heart_rate:70.0
 CDTJune/18/2021 10:24:02:301,heart_rate:67.0
 CDTJune/18/2021 10:24:07:429,heart_rate:67.0
 CDTJune/18/2021 10:24:12:590,heart_rate:66.0
 CDTJune/18/2021 10:24:17:604,heart_rate:68.0
 CDTJune/18/2021 10:24:22:702,heart_rate:72.0
 CDTJune/18/2021 10:24:27:921,heart_rate:72.0
 CDTJune/18/2021 10:24:32:936,heart_rate:73.0
 CDTJune/18/2021 10:24:37:90,heart_rate:74.0
 CDTJune/18/2021 10:24:42:165,heart_rate:71.0
 CDTJune/18/2021 10:24:47:169,heart_rate:70.0
 CDTJune/18/2021 10:24:53:212,heart_rate:72.0
 CDTJune/18/2021 10:24:58:254,heart_rate:70.0
 CDTJune/18/2021 10:25:03:235,heart_rate:66.0
 CDTJune/18/2021 10:25:08:211,heart_rate:66.0
 CDTJune/18/2021 10:25:13:218,heart_rate:69.0
 CDTJune/18/2021 10:25:18:230,heart_rate:68.0
 CDTJune/18/2021 10:25:22:181,heart_rate:69.0
 CDTJune/18/2021 10:25:28:224,heart_rate:74.0
 CDTJune/18/2021 10:25:33:259,heart_rate:72.0
 CDTJune/18/2021 10:25:38:213,heart_rate:71.0
 CDTJune/18/2021 10:25:43:219,heart_rate:70.0
 CDTJune/18/2021 10:25:48:206,heart_rate:67.0
 CDTJune/18/2021 10:25:52:219,heart_rate:67.0
 CDTJune/18/2021 10:25:57:414,heart_rate:68.0
 CDTJune/18/2021 10:26:02:479,heart_rate:68.0
 CDTJune/18/2021 10:26:07:608,heart_rate:66.0
 CDTJune/18/2021 10:26:12:711,heart_rate:65.0
 CDTJune/18/2021 10:26:17:816,heart_rate:63.0
 CDTJune/18/2021 10:26:22:969,heart_rate:63.0
 CDTJune/18/2021 10:26:27:70,heart_rate:68.0
 CDTJune/18/2021 10:26:32:175,heart_rate:66.0
 CDTJune/18/2021 10:26:38:189,heart_rate:67.0
 CDTJune/18/2021 10:26:43:226,heart_rate:69.0
 CDTJune/18/2021 10:26:48:206,heart_rate:68.0
 CDTJune/18/2021 10:26:52:181,heart_rate:68.0
 CDTJune/18/2021 10:26:58:194,heart_rate:67.0
 CDTJune/18/2021 10:27:03:202,heart_rate:70.0
 CDTJune/18/2021 10:27:08:215,heart_rate:70.0
 CDTJune/18/2021 10:27:13:193,heart_rate:75.0
 CDTJune/18/2021 10:27:18:206,heart_rate:73.0
 CDTJune/18/2021 10:27:23:244,heart_rate:81.0
 CDTJune/18/2021 10:27:28:194,heart_rate:75.0
 CDTJune/18/2021 10:27:33:238,heart_rate:71.0
 CDTJune/18/2021 10:27:38:211,heart_rate:72.0
 CDTJune/18/2021 10:27:41:172,heart_rate:72.0
 CDTJune/18/2021 10:27:48:204,heart_rate:74.0
 CDTJune/18/2021 10:27:52:407,heart_rate:69.0
 CDTJune/18/2021 10:27:57:561,heart_rate:66.0
 CDTJune/18/2021 10:28:02:637,heart_rate:65.0
 CDTJune/18/2021 10:28:07:820,heart_rate:65.0
 CDTJune/18/2021 10:28:12:922,heart_rate:64.0
 CDTJune/18/2021 10:28:17:25,heart_rate:65.0
 CDTJune/18/2021 10:28:22:154,heart_rate:74.0
 CDTJune/18/2021 10:28:28:226,heart_rate:73.0
 CDTJune/18/2021 10:28:33:208,heart_rate:72.0
 CDTJune/18/2021 10:28:38:247,heart_rate:72.0
 CDTJune/18/2021 10:28:43:258,heart_rate:70.0
 CDTJune/18/2021 10:28:48:203,heart_rate:71.0
 CDTJune/18/2021 10:28:53:185,heart_rate:73.0
 CDTJune/18/2021 10:28:58:464,heart_rate:70.0
 CDTJune/18/2021 10:29:03:234,heart_rate:69.0
 CDTJune/18/2021 10:29:08:513,heart_rate:69.0
 CDTJune/18/2021 10:29:13:285,heart_rate:72.0
 CDTJune/18/2021 10:29:18:207,heart_rate:73.0
 CDTJune/18/2021 10:29:23:216,heart_rate:75.0
 CDTJune/18/2021 10:29:28:252,heart_rate:78.0
 CDTJune/18/2021 10:29:33:237,heart_rate:78.0
 CDTJune/18/2021 10:29:37:312,heart_rate:77.0
 CDTJune/18/2021 10:29:42:414,heart_rate:79.0
 CDTJune/18/2021 10:29:47:517,heart_rate:80.0
 CDTJune/18/2021 10:29:52:617,heart_rate:79.0
 CDTJune/18/2021 10:29:57:836,heart_rate:79.0
 CDTJune/18/2021 10:30:02:845,heart_rate:79.0
 CDTJune/18/2021 10:30:07:980,heart_rate:77.0
 CDTJune/18/2021 10:30:12:113,heart_rate:74.0
 CDTJune/18/2021 10:30:18:206,heart_rate:78.0
 CDTJune/18/2021 10:30:23:248,heart_rate:78.0
 CDTJune/18/2021 10:30:28:230,heart_rate:74.0
 CDTJune/18/2021 10:30:32:178,heart_rate:76.0
 CDTJune/18/2021 10:30:38:217,heart_rate:75.0
 CDTJune/18/2021 10:30:43:228,heart_rate:76.0
 CDTJune/18/2021 10:30:47:175,heart_rate:77.0
 CDTJune/18/2021 10:30:53:216,heart_rate:77.0
 CDTJune/18/2021 10:30:58:228,heart_rate:80.0
 CDTJune/18/2021 10:31:03:239,heart_rate:80.0
 CDTJune/18/2021 10:31:08:185,heart_rate:80.0
 CDTJune/18/2021 10:31:13:257,heart_rate:80.0
 CDTJune/18/2021 10:31:18:206,heart_rate:75.0
 CDTJune/18/2021 10:31:23:217,heart_rate:73.0
 CDTJune/18/2021 10:31:27:325,heart_rate:73.0
 CDTJune/18/2021 10:31:32:371,heart_rate:76.0
 CDTJune/18/2021 10:31:37:468,heart_rate:77.0
 CDTJune/18/2021 10:31:42:569,heart_rate:74.0
 CDTJune/18/2021 10:31:47:984,heart_rate:71.0
 CDTJune/18/2021 10:31:52:749,heart_rate:71.0
 CDTJune/18/2021 10:31:57:928,heart_rate:71.0
 CDTJune/18/2021 10:32:02:985,heart_rate:71.0
 CDTJune/18/2021 10:32:07:159,heart_rate:69.0
 CDTJune/18/2021 10:32:13:255,heart_rate:66.0
 CDTJune/18/2021 10:32:18:235,heart_rate:65.0
 CDTJune/18/2021 10:32:23:194,heart_rate:65.0
 CDTJune/18/2021 10:32:28:201,heart_rate:68.0
 CDTJune/18/2021 10:32:33:207,heart_rate:71.0
 CDTJune/18/2021 10:32:38:247,heart_rate:73.0
 CDTJune/18/2021 10:32:43:226,heart_rate:73.0
 CDTJune/18/2021 10:32:48:241,heart_rate:74.0
 CDTJune/18/2021 10:32:53:252,heart_rate:73.0
 CDTJune/18/2021 10:32:58:202,heart_rate:70.0
 CDTJune/18/2021 10:33:02:177,heart_rate:68.0
 CDTJune/18/2021 10:33:08:217,heart_rate:68.0
 CDTJune/18/2021 10:33:13:204,heart_rate:68.0
 CDTJune/18/2021 10:33:16:160,heart_rate:66.0
 CDTJune/18/2021 10:33:22:318,heart_rate:67.0
 CDTJune/18/2021 10:33:27:449,heart_rate:67.0
 CDTJune/18/2021 10:33:32:549,heart_rate:66.0
 CDTJune/18/2021 10:33:37:678,heart_rate:67.0
 CDTJune/18/2021 10:33:42:748,heart_rate:66.0
 CDTJune/18/2021 10:33:47:909,heart_rate:65.0
 CDTJune/18/2021 10:33:52:975,heart_rate:65.0
 CDTJune/18/2021 10:33:57:112,heart_rate:68.0
 CDTJune/18/2021 10:34:03:215,heart_rate:72.0
 CDTJune/18/2021 10:34:08:228,heart_rate:73.0
 CDTJune/18/2021 10:34:13:197,heart_rate:71.0
 CDTJune/18/2021 10:34:17:177,heart_rate:71.0
 CDTJune/18/2021 10:34:23:194,heart_rate:72.0
 CDTJune/18/2021 10:34:28:261,heart_rate:71.0
 CDTJune/18/2021 10:34:33:180,heart_rate:71.0
 CDTJune/18/2021 10:34:38:445,heart_rate:71.0
 CDTJune/18/2021 10:34:43:346,heart_rate:72.0
 CDTJune/18/2021 10:34:48:212,heart_rate:72.0
 CDTJune/18/2021 10:34:53:222,heart_rate:73.0
 CDTJune/18/2021 10:34:58:230,heart_rate:71.0
 CDTJune/18/2021 10:35:03:212,heart_rate:71.0
 CDTJune/18/2021 10:35:07:164,heart_rate:73.0
 CDTJune/18/2021 10:35:12:301,heart_rate:71.0
 CDTJune/18/2021 10:35:17:398,heart_rate:71.0
 CDTJune/18/2021 10:35:22:526,heart_rate:71.0
 CDTJune/18/2021 10:35:27:629,heart_rate:70.0
 CDTJune/18/2021 10:35:32:729,heart_rate:67.0
 CDTJune/18/2021 10:35:37:924,heart_rate:67.0
 CDTJune/18/2021 10:35:42:991,heart_rate:67.0
 CDTJune/18/2021 10:35:47:90,heart_rate:67.0
 CDTJune/18/2021 10:35:53:192,heart_rate:72.0
 CDTJune/18/2021 10:35:58:262,heart_rate:71.0
 CDTJune/18/2021 10:36:03:213,heart_rate:69.0
 CDTJune/18/2021 10:36:08:220,heart_rate:69.0
 CDTJune/18/2021 10:36:13:229,heart_rate:69.0
 CDTJune/18/2021 10:36:18:185,heart_rate:66.0
 CDTJune/18/2021 10:36:23:218,heart_rate:66.0
 CDTJune/18/2021 10:36:28:229,heart_rate:67.0
 CDTJune/18/2021 10:36:33:212,heart_rate:69.0
 CDTJune/18/2021 10:36:38:221,heart_rate:69.0
 CDTJune/18/2021 10:36:43:235,heart_rate:70.0
 CDTJune/18/2021 10:36:48:306,heart_rate:68.0
 CDTJune/18/2021 10:36:53:372,heart_rate:66.0
 CDTJune/18/2021 10:36:58:199,heart_rate:67.0
 CDTJune/18/2021 10:37:02:257,heart_rate:71.0
 CDTJune/18/2021 10:37:07:355,heart_rate:71.0
 CDTJune/18/2021 10:37:12:508,heart_rate:69.0
 CDTJune/18/2021 10:37:17:581,heart_rate:67.0
 CDTJune/18/2021 10:37:22:744,heart_rate:67.0
 CDTJune/18/2021 10:37:27:813,heart_rate:67.0
 CDTJune/18/2021 10:37:32:969,heart_rate:66.0
 CDTJune/18/2021 10:37:35:280,noise:53
 CDTJune/18/2021 10:37:37:70,heart_rate:66.0
 CDTJune/18/2021 10:37:42:144,heart_rate:70.0
 CDTJune/18/2021 10:37:48:270,heart_rate:71.0
 CDTJune/18/2021 10:37:53:254,heart_rate:70.0
 CDTJune/18/2021 10:37:58:260,heart_rate:69.0
 CDTJune/18/2021 10:38:03:273,heart_rate:68.0
 CDTJune/18/2021 10:38:08:218,heart_rate:67.0
 CDTJune/18/2021 10:38:13:205,heart_rate:68.0
 CDTJune/18/2021 10:38:18:211,heart_rate:68.0
 CDTJune/18/2021 10:38:23:256,heart_rate:70.0
 CDTJune/18/2021 10:38:28:260,heart_rate:70.0
 CDTJune/18/2021 10:38:33:184,heart_rate:70.0
 CDTJune/18/2021 10:38:38:255,heart_rate:72.0
 CDTJune/18/2021 10:38:42:174,heart_rate:72.0
 CDTJune/18/2021 10:38:48:209,heart_rate:71.0
 CDTJune/18/2021 10:38:53:225,heart_rate:73.0
 CDTJune/18/2021 10:38:57:330,heart_rate:74.0
 CDTJune/18/2021 10:39:02:434,heart_rate:74.0
 CDTJune/18/2021 10:39:07:535,heart_rate:75.0
 CDTJune/18/2021 10:39:12:665,heart_rate:73.0
 CDTJune/18/2021 10:39:17:765,heart_rate:70.0
 CDTJune/18/2021 10:39:22:895,heart_rate:67.0
 CDTJune/18/2021 10:39:27:23,heart_rate:67.0
 CDTJune/18/2021 10:39:32:125,heart_rate:68.0
 CDTJune/18/2021 10:39:38:184,heart_rate:69.0
 CDTJune/18/2021 10:39:43:232,heart_rate:69.0
 CDTJune/18/2021 10:39:47:152,heart_rate:70.0
 CDTJune/18/2021 10:39:53:180,heart_rate:65.0
 CDTJune/18/2021 10:39:58:261,heart_rate:65.0
 CDTJune/18/2021 10:40:03:252,heart_rate:66.0
 CDTJune/18/2021 10:40:08:330,heart_rate:69.0
 CDTJune/18/2021 10:40:13:186,heart_rate:67.0
 CDTJune/18/2021 10:40:18:245,heart_rate:68.0
 CDTJune/18/2021 10:40:23:192,heart_rate:66.0
 CDTJune/18/2021 10:40:28:231,heart_rate:65.0
 CDTJune/18/2021 10:40:33:191,heart_rate:64.0
 CDTJune/18/2021 10:40:38:225,heart_rate:63.0
 CDTJune/18/2021 10:40:43:268,heart_rate:63.0
 CDTJune/18/2021 10:40:47:311,heart_rate:62.0
 CDTJune/18/2021 10:40:52:382,heart_rate:62.0
 CDTJune/18/2021 10:40:57:515,heart_rate:62.0
 CDTJune/18/2021 10:41:02:671,heart_rate:64.0
 CDTJune/18/2021 10:41:07:776,heart_rate:69.0
 CDTJune/18/2021 10:41:12:844,heart_rate:73.0
 CDTJune/18/2021 10:41:17:36,heart_rate:71.0
 CDTJune/18/2021 10:41:22:102,heart_rate:71.0
 CDTJune/18/2021 10:41:27:172,heart_rate:70.0
 CDTJune/18/2021 10:41:33:338,heart_rate:65.0
 CDTJune/18/2021 10:41:38:225,heart_rate:64.0
 CDTJune/18/2021 10:41:43:184,heart_rate:66.0
 CDTJune/18/2021 10:41:48:183,heart_rate:67.0
 CDTJune/18/2021 10:41:52:169,heart_rate:65.0
 CDTJune/18/2021 10:41:58:180,heart_rate:62.0
 CDTJune/18/2021 10:42:03:212,heart_rate:62.0
 CDTJune/18/2021 10:42:08:240,heart_rate:64.0
 CDTJune/18/2021 10:42:12:161,heart_rate:64.0
 CDTJune/18/2021 10:42:18:180,heart_rate:62.0
 CDTJune/18/2021 10:42:23:182,heart_rate:62.0
 CDTJune/18/2021 10:42:27:148,heart_rate:62.0
 CDTJune/18/2021 10:42:32:161,heart_rate:62.0
 CDTJune/18/2021 10:42:37:177,heart_rate:62.0
 CDTJune/18/2021 10:42:42:303,heart_rate:62.0
 CDTJune/18/2021 10:42:47:437,heart_rate:62.0
 CDTJune/18/2021 10:42:52:533,heart_rate:64.0
 CDTJune/18/2021 10:42:57:697,heart_rate:70.0
 CDTJune/18/2021 10:43:02:913,heart_rate:68.0
 CDTJune/18/2021 10:43:07:956,heart_rate:68.0
 CDTJune/18/2021 10:43:12:85,heart_rate:66.0
 CDTJune/18/2021 10:43:17:159,heart_rate:67.0
 CDTJune/18/2021 10:43:23:254,heart_rate:72.0
 CDTJune/18/2021 10:43:28:205,heart_rate:75.0
 CDTJune/18/2021 10:43:33:248,heart_rate:76.0
 CDTJune/18/2021 10:43:38:224,heart_rate:78.0
 CDTJune/18/2021 10:43:43:209,heart_rate:76.0
 CDTJune/18/2021 10:43:48:249,heart_rate:72.0
 CDTJune/18/2021 10:43:53:259,heart_rate:69.0
 CDTJune/18/2021 10:43:58:239,heart_rate:68.0
 CDTJune/18/2021 10:44:03:218,heart_rate:68.0
 CDTJune/18/2021 10:44:08:198,heart_rate:68.0
 CDTJune/18/2021 10:44:13:238,heart_rate:66.0
 CDTJune/18/2021 10:44:18:187,heart_rate:66.0
 CDTJune/18/2021 10:44:23:201,heart_rate:68.0
 CDTJune/18/2021 10:44:28:235,heart_rate:65.0
 CDTJune/18/2021 10:44:32:319,heart_rate:63.0
 CDTJune/18/2021 10:44:37:536,heart_rate:61.0
 CDTJune/18/2021 10:44:42:547,heart_rate:61.0
 CDTJune/18/2021 10:44:47:674,heart_rate:63.0
 CDTJune/18/2021 10:44:52:809,heart_rate:65.0
 CDTJune/18/2021 10:44:57:880,heart_rate:67.0
 CDTJune/18/2021 10:45:02:98,heart_rate:67.0
 CDTJune/18/2021 10:45:07:109,heart_rate:67.0
 CDTJune/18/2021 10:45:13:240,heart_rate:65.0
 CDTJune/18/2021 10:45:18:246,heart_rate:64.0
 CDTJune/18/2021 10:45:23:254,heart_rate:62.0
 CDTJune/18/2021 10:45:28:237,heart_rate:63.0
 CDTJune/18/2021 10:45:33:217,heart_rate:63.0
 CDTJune/18/2021 10:45:38:229,heart_rate:64.0
 CDTJune/18/2021 10:45:43:237,heart_rate:71.0
 CDTJune/18/2021 10:45:48:217,heart_rate:69.0
 CDTJune/18/2021 10:45:53:229,heart_rate:68.0
 CDTJune/18/2021 10:45:58:265,heart_rate:67.0
 CDTJune/18/2021 10:46:03:334,heart_rate:63.0
 CDTJune/18/2021 10:46:08:201,heart_rate:62.0
 CDTJune/18/2021 10:46:13:219,heart_rate:62.0
 CDTJune/18/2021 10:46:18:245,heart_rate:64.0
 CDTJune/18/2021 10:46:22:300,heart_rate:70.0
 CDTJune/18/2021 10:46:27:400,heart_rate:72.0
 CDTJune/18/2021 10:46:32:771,heart_rate:71.0
 CDTJune/18/2021 10:46:37:632,heart_rate:71.0
 CDTJune/18/2021 10:46:42:789,heart_rate:69.0
 CDTJune/18/2021 10:46:47:887,heart_rate:67.0
 CDTJune/18/2021 10:46:52:990,heart_rate:68.0
 CDTJune/18/2021 10:46:57:117,heart_rate:67.0
 CDTJune/18/2021 10:47:03:221,heart_rate:66.0
 CDTJune/18/2021 10:47:08:260,heart_rate:64.0
 CDTJune/18/2021 10:47:13:210,heart_rate:63.0
 CDTJune/18/2021 10:47:18:366,heart_rate:64.0
 CDTJune/18/2021 10:47:23:214,heart_rate:65.0
 CDTJune/18/2021 10:47:28:241,heart_rate:66.0
 CDTJune/18/2021 10:47:33:282,heart_rate:66.0
 CDTJune/18/2021 10:47:38:256,heart_rate:65.0
 CDTJune/18/2021 10:47:43:211,heart_rate:65.0
 CDTJune/18/2021 10:47:48:283,heart_rate:67.0
 CDTJune/18/2021 10:47:53:232,heart_rate:67.0
 CDTJune/18/2021 10:47:58:213,heart_rate:69.0
 CDTJune/18/2021 10:48:03:251,heart_rate:69.0
 CDTJune/18/2021 10:48:08:207,heart_rate:71.0
 CDTJune/18/2021 10:48:12:253,heart_rate:72.0
 CDTJune/18/2021 10:48:17:377,heart_rate:71.0
 CDTJune/18/2021 10:48:22:565,heart_rate:71.0
 CDTJune/18/2021 10:48:27:612,heart_rate:70.0
 CDTJune/18/2021 10:48:32:774,heart_rate:70.0
 CDTJune/18/2021 10:48:37:841,heart_rate:71.0
 CDTJune/18/2021 10:48:42:943,heart_rate:69.0
 CDTJune/18/2021 10:48:47:39,heart_rate:66.0
 CDTJune/18/2021 10:48:52:141,heart_rate:66.0
 CDTJune/18/2021 10:48:58:271,heart_rate:66.0
 CDTJune/18/2021 10:49:03:281,heart_rate:65.0
 CDTJune/18/2021 10:49:08:257,heart_rate:63.0
 CDTJune/18/2021 10:49:13:207,heart_rate:63.0
 CDTJune/18/2021 10:49:18:275,heart_rate:63.0
 CDTJune/18/2021 10:49:23:259,heart_rate:65.0
 CDTJune/18/2021 10:49:28:198,heart_rate:68.0
 CDTJune/18/2021 10:49:33:249,heart_rate:64.0
 CDTJune/18/2021 10:49:38:229,heart_rate:64.0
 CDTJune/18/2021 10:49:43:212,heart_rate:68.0
 CDTJune/18/2021 10:49:48:212,heart_rate:70.0
 CDTJune/18/2021 10:49:53:231,heart_rate:70.0
 CDTJune/18/2021 10:49:58:269,heart_rate:71.0
 CDTJune/18/2021 10:50:03:260,heart_rate:71.0
 CDTJune/18/2021 10:50:07:360,heart_rate:72.0
 CDTJune/18/2021 10:50:12:460,heart_rate:75.0
 CDTJune/18/2021 10:50:17:501,heart_rate:75.0
 CDTJune/18/2021 10:50:22:722,heart_rate:74.0
 CDTJune/18/2021 10:50:27:763,heart_rate:74.0
 CDTJune/18/2021 10:50:32:918,heart_rate:72.0
 CDTJune/18/2021 10:50:37:52,heart_rate:72.0
 CDTJune/18/2021 10:50:42:123,heart_rate:71.0
 CDTJune/18/2021 10:50:48:220,heart_rate:71.0
 CDTJune/18/2021 10:50:53:201,heart_rate:71.0
 CDTJune/18/2021 10:50:58:243,heart_rate:72.0
 CDTJune/18/2021 10:51:03:248,heart_rate:70.0
 CDTJune/18/2021 10:51:08:299,heart_rate:70.0
 CDTJune/18/2021 10:51:13:314,heart_rate:71.0
 CDTJune/18/2021 10:51:18:308,heart_rate:71.0
 CDTJune/18/2021 10:51:23:205,heart_rate:71.0
 CDTJune/18/2021 10:51:28:213,heart_rate:69.0
 CDTJune/18/2021 10:51:33:193,heart_rate:67.0
 CDTJune/18/2021 10:51:38:200,heart_rate:66.0
 CDTJune/18/2021 10:51:43:244,heart_rate:66.0
 CDTJune/18/2021 10:51:48:192,heart_rate:65.0
 CDTJune/18/2021 10:51:53:258,heart_rate:65.0
 CDTJune/18/2021 10:51:57:308,heart_rate:65.0
 CDTJune/18/2021 10:52:02:631,heart_rate:65.0
 CDTJune/18/2021 10:52:07:486,heart_rate:65.0
 CDTJune/18/2021 10:52:12:615,heart_rate:70.0
 CDTJune/18/2021 10:52:17:746,heart_rate:71.0
 CDTJune/18/2021 10:52:22:23,heart_rate:69.0
 CDTJune/18/2021 10:52:27:2,heart_rate:67.0
 CDTJune/18/2021 10:52:32:131,heart_rate:66.0
 CDTJune/18/2021 10:52:38:173,heart_rate:66.0
 CDTJune/18/2021 10:52:43:242,heart_rate:65.0
 CDTJune/18/2021 10:52:48:222,heart_rate:65.0
 CDTJune/18/2021 10:52:53:230,heart_rate:64.0
 CDTJune/18/2021 10:52:58:243,heart_rate:64.0
 CDTJune/18/2021 10:53:03:193,heart_rate:64.0
 CDTJune/18/2021 10:53:04:132,blood_o2:98.0
 CDTJune/18/2021 10:53:05:514,heart_rate:63.0
 CDTJune/18/2021 10:53:08:325,heart_rate:64.0
 CDTJune/18/2021 10:53:13:211,heart_rate:64.0
 CDTJune/18/2021 10:53:18:206,heart_rate:68.0
 CDTJune/18/2021 10:53:23:221,heart_rate:68.0
 CDTJune/18/2021 10:53:28:210,heart_rate:68.0
 CDTJune/18/2021 10:53:33:182,heart_rate:67.0
 CDTJune/18/2021 10:53:50:513,location:29.585556 -98.619605
 CDTJune/18/2021 10:53:50:534,location:29.585556 -98.619605
 CDTJune/18/2021 10:53:50:550,sleep:133.0
 CDTJune/18/2021 10:53:50:838,blood_o2:98.0
 CDTJune/18/2021 10:53:50:844,noise:53
 CDTJune/18/2021 10:53:50:850,heart_rate:72.0
 CDTJune/18/2021 10:53:52:722,heart_rate:73.0
 CDTJune/18/2021 10:53:58:192,heart_rate:81.0
 CDTJune/18/2021 10:54:21:939,location:29.585556 -98.619605
 CDTJune/18/2021 10:54:21:958,location:29.585556 -98.619605
 CDTJune/18/2021 10:54:21:99,sleep:133.0
 CDTJune/18/2021 10:54:22:135,noise:53
 CDTJune/18/2021 10:54:22:147,blood_o2:98.0
 CDTJune/18/2021 10:54:22:159,heart_rate:71.0
 CDTJune/18/2021 10:54:23:413,heart_rate:69.0
 CDTJune/18/2021 10:54:28:461,heart_rate:67.0
 CDTJune/18/2021 10:54:30:548,location:29.585556 -98.619605
 CDTJune/18/2021 10:54:30:573,location:29.585556 -98.619605
 CDTJune/18/2021 10:54:30:655,sleep:133.0
 CDTJune/18/2021 10:54:30:718,noise:53
 CDTJune/18/2021 11:03:08:352,location:29.585693 -98.619346
 CDTJune/18/2021 11:03:08:369,location:29.585693 -98.619346
 CDTJune/18/2021 11:03:08:759,sleep:133.0
 CDTJune/18/2021 11:03:08:778,noise:53
 CDTJune/18/2021 11:03:08:932,blood_o2:98.0
 CDTJune/18/2021 11:03:08:944,heart_rate:149.0
 CDTJune/18/2021 11:04:26:307,location:29.585556 -98.619602
 CDTJune/18/2021 11:04:26:321,location:29.585556 -98.619602
 CDTJune/18/2021 11:04:26:595,sleep:133.0
 CDTJune/18/2021 11:04:27:251,blood_o2:98.0
 CDTJune/18/2021 11:04:27:257,noise:53
 CDTJune/18/2021 11:04:27:307,heart_rate:149.0
 CDTJune/18/2021 11:04:33:234,heart_rate:77.0
 CDTJune/18/2021 11:04:42:806,location:29.585571 -98.619609
 CDTJune/18/2021 11:04:42:816,location:29.585571 -98.619609
 CDTJune/18/2021 11:04:42:852,sleep:133.0
 CDTJune/18/2021 11:04:42:880,heart_rate:69.0
 CDTJune/18/2021 11:04:43:923,blood_o2:98.0
 CDTJune/18/2021 11:04:43:47,noise:53
 CDTJune/18/2021 11:04:43:49,heart_rate:69.0
 CDTJune/18/2021 11:04:46:321,location:29.585571 -98.619609
 CDTJune/18/2021 11:04:47:297,heart_rate:71.0
 CDTJune/18/2021 11:04:52:363,heart_rate:67.0
 CDTJune/18/2021 11:04:57:286,heart_rate:67.0
 CDTJune/18/2021 11:05:02:328,heart_rate:63.0
 CDTJune/18/2021 11:05:02:815,location:29.585556 -98.619473
 CDTJune/18/2021 11:05:06:324,location:29.585556 -98.619473
 CDTJune/18/2021 11:05:07:332,heart_rate:62.0
 CDTJune/18/2021 11:05:12:344,heart_rate:60.0
 CDTJune/18/2021 11:05:16:366,heart_rate:61.0
 CDTJune/18/2021 11:05:21:497,heart_rate:60.0
 CDTJune/18/2021 11:05:22:817,location:29.585556 -98.619473
 CDTJune/18/2021 11:05:26:331,location:29.585556 -98.619473
 CDTJune/18/2021 11:05:26:650,heart_rate:60.0
 CDTJune/18/2021 11:06:03:982,location:29.585556 -98.619610
 CDTJune/18/2021 11:06:03:393,sleep:133.0
 CDTJune/18/2021 11:06:04:62,blood_o2:98.0
 CDTJune/18/2021 11:06:04:74,heart_rate:59.0
 CDTJune/18/2021 11:06:04:83,noise:53
 CDTJune/18/2021 11:06:07:286,heart_rate:60.0
 CDTJune/18/2021 11:06:12:297,heart_rate:58.0
 CDTJune/18/2021 11:06:17:333,heart_rate:56.0
 CDTJune/18/2021 11:06:22:315,heart_rate:58.0
 CDTJune/18/2021 11:06:23:978,location:29.585556 -98.619610
 CDTJune/18/2021 11:06:27:322,heart_rate:58.0
 CDTJune/18/2021 11:06:32:436,heart_rate:58.0
 CDTJune/18/2021 11:06:37:286,heart_rate:62.0
 CDTJune/18/2021 11:06:42:296,heart_rate:63.0
 CDTJune/18/2021 11:06:43:980,location:29.585571 -98.619581
 CDTJune/18/2021 11:06:47:319,heart_rate:68.0
 CDTJune/18/2021 11:06:52:311,heart_rate:63.0
 CDTJune/18/2021 11:06:57:290,heart_rate:60.0
 CDTJune/18/2021 11:07:02:325,heart_rate:59.0
 CDTJune/18/2021 11:07:03:980,location:29.585571 -98.619581
 CDTJune/18/2021 11:07:09:943,location:29.585571 -98.619581
 CDTJune/18/2021 11:07:09:300,sleep:133.0
 CDTJune/18/2021 11:07:09:538,blood_o2:98.0
 CDTJune/18/2021 11:07:09:544,noise:53
 CDTJune/18/2021 11:07:09:552,heart_rate:58.0
 CDTJune/18/2021 11:07:12:335,heart_rate:58.0
 CDTJune/18/2021 11:38:27:75,location:29.585541 -98.619582
 CDTJune/18/2021 11:38:27:175,sleep:133.0
 CDTJune/18/2021 11:38:27:218,blood_o2:98.0
 CDTJune/18/2021 11:38:27:243,noise:57
 CDTJune/18/2021 11:38:27:406,heart_rate:67.0
 CDTJune/18/2021 11:38:31:514,heart_rate:64.0
 CDTJune/18/2021 11:38:36:475,heart_rate:63.0
 CDTJune/18/2021 11:38:40:629,heart_rate:64.0
 CDTJune/18/2021 11:38:45:761,heart_rate:65.0
 CDTJune/18/2021 11:38:50:897,heart_rate:65.0
 CDTJune/18/2021 11:38:56:24,heart_rate:64.0
 CDTJune/18/2021 11:39:01:122,heart_rate:64.0
 CDTJune/18/2021 11:39:06:218,heart_rate:64.0
 CDTJune/18/2021 11:39:11:507,heart_rate:64.0
 CDTJune/18/2021 11:39:16:481,heart_rate:63.0
 CDTJune/18/2021 11:39:21:570,heart_rate:63.0
 CDTJune/18/2021 11:39:26:472,heart_rate:67.0
 CDTJune/18/2021 11:39:31:440,heart_rate:68.0
 CDTJune/18/2021 11:39:36:491,heart_rate:72.0
 CDTJune/18/2021 11:39:41:446,heart_rate:70.0
 CDTJune/18/2021 11:39:46:452,heart_rate:69.0
 CDTJune/18/2021 11:39:51:460,heart_rate:66.0
 CDTJune/18/2021 11:39:56:531,heart_rate:65.0
 CDTJune/18/2021 11:40:01:566,heart_rate:71.0
 CDTJune/18/2021 11:40:06:482,heart_rate:68.0
 CDTJune/18/2021 11:40:11:589,heart_rate:68.0
 CDTJune/18/2021 11:40:16:410,heart_rate:69.0
 CDTJune/18/2021 11:40:21:546,heart_rate:69.0
 CDTJune/18/2021 11:40:26:483,heart_rate:66.0
 CDTJune/18/2021 11:40:30:590,heart_rate:66.0
 CDTJune/18/2021 11:40:35:768,heart_rate:65.0
 CDTJune/18/2021 11:40:40:849,heart_rate:64.0
 CDTJune/18/2021 11:40:46:8,heart_rate:67.0
 CDTJune/18/2021 11:40:51:40,heart_rate:68.0
 CDTJune/18/2021 11:40:56:176,heart_rate:68.0
 CDTJune/18/2021 11:41:01:327,heart_rate:68.0
 CDTJune/18/2021 11:41:06:740,heart_rate:68.0
 CDTJune/18/2021 11:41:11:622,heart_rate:73.0
 CDTJune/18/2021 11:41:16:485,heart_rate:71.0
 CDTJune/18/2021 11:41:21:483,heart_rate:76.0
 CDTJune/18/2021 11:41:26:415,heart_rate:72.0
 CDTJune/18/2021 11:41:31:513,heart_rate:71.0
 CDTJune/18/2021 11:41:36:463,heart_rate:66.0
 CDTJune/18/2021 11:41:41:474,heart_rate:63.0
 CDTJune/18/2021 11:41:46:487,heart_rate:61.0
 CDTJune/18/2021 11:41:51:465,heart_rate:61.0
 CDTJune/18/2021 11:41:56:527,heart_rate:61.0
 CDTJune/18/2021 11:42:01:488,heart_rate:60.0
 CDTJune/18/2021 11:42:06:469,heart_rate:60.0
 CDTJune/18/2021 11:42:11:504,heart_rate:60.0
 CDTJune/18/2021 11:42:16:486,heart_rate:60.0
 CDTJune/18/2021 11:42:20:569,heart_rate:59.0
 CDTJune/18/2021 11:42:25:723,heart_rate:60.0
 CDTJune/18/2021 11:42:30:800,heart_rate:59.0
 CDTJune/18/2021 11:42:36:10,heart_rate:60.0
 CDTJune/18/2021 11:42:41:87,heart_rate:60.0
 CDTJune/18/2021 11:42:46:166,heart_rate:59.0
 CDTJune/18/2021 11:42:51:433,heart_rate:60.0
 CDTJune/18/2021 11:42:56:310,heart_rate:60.0
 CDTJune/18/2021 11:43:01:643,heart_rate:64.0
 CDTJune/18/2021 11:43:07:457,heart_rate:65.0
 CDTJune/18/2021 11:43:11:589,heart_rate:66.0
 CDTJune/18/2021 11:43:16:505,heart_rate:66.0
 CDTJune/18/2021 11:43:21:462,heart_rate:70.0
 CDTJune/18/2021 11:43:26:480,heart_rate:69.0
 CDTJune/18/2021 11:43:31:509,heart_rate:69.0
 CDTJune/18/2021 11:43:36:494,heart_rate:69.0
 CDTJune/18/2021 11:43:41:468,heart_rate:69.0
 CDTJune/18/2021 11:43:46:510,heart_rate:70.0
 CDTJune/18/2021 11:43:51:411,heart_rate:69.0
 CDTJune/18/2021 11:43:56:565,heart_rate:66.0
 CDTJune/18/2021 11:44:01:449,heart_rate:66.0
 CDTJune/18/2021 11:44:06:828,heart_rate:67.0
 CDTJune/18/2021 11:44:10:486,heart_rate:67.0
 CDTJune/18/2021 11:44:15:615,heart_rate:65.0
 CDTJune/18/2021 11:44:20:775,heart_rate:63.0
 CDTJune/18/2021 11:44:25:908,heart_rate:62.0
 CDTJune/18/2021 11:44:31:975,heart_rate:63.0
 CDTJune/18/2021 11:44:36:106,heart_rate:62.0
 CDTJune/18/2021 11:44:41:203,heart_rate:62.0
 CDTJune/18/2021 11:44:46:364,heart_rate:62.0
 CDTJune/18/2021 11:44:51:428,heart_rate:61.0
 CDTJune/18/2021 11:44:56:394,heart_rate:61.0
 CDTJune/18/2021 11:45:01:452,heart_rate:60.0
 CDTJune/18/2021 11:45:06:464,heart_rate:60.0
 CDTJune/18/2021 11:45:11:413,heart_rate:60.0
 CDTJune/18/2021 11:45:16:484,heart_rate:60.0
 CDTJune/18/2021 11:45:21:520,heart_rate:60.0
 CDTJune/18/2021 11:45:26:563,heart_rate:60.0
 CDTJune/18/2021 11:45:31:481,heart_rate:61.0
 CDTJune/18/2021 11:45:36:462,heart_rate:61.0
 CDTJune/18/2021 11:45:41:470,heart_rate:61.0
 CDTJune/18/2021 11:45:56:651,heart_rate:61.0
 CDTJune/18/2021 11:46:01:690,heart_rate:61.0
 CDTJune/18/2021 11:46:06:644,heart_rate:60.0
 CDTJune/18/2021 11:46:11:680,heart_rate:60.0
 CDTJune/18/2021 11:46:15:822,heart_rate:60.0
 CDTJune/18/2021 11:46:21:10,heart_rate:60.0
 CDTJune/18/2021 11:46:26:86,heart_rate:61.0
 CDTJune/18/2021 11:46:31:100,heart_rate:61.0
 CDTJune/18/2021 11:46:36:285,heart_rate:61.0
 CDTJune/18/2021 11:46:41:453,heart_rate:61.0
 CDTJune/18/2021 11:46:46:483,heart_rate:60.0
 CDTJune/18/2021 11:46:51:648,heart_rate:59.0
 CDTJune/18/2021 11:46:56:687,heart_rate:59.0
 CDTJune/18/2021 11:47:01:697,heart_rate:59.0
 CDTJune/18/2021 11:47:06:705,heart_rate:59.0
 CDTJune/18/2021 11:47:11:654,heart_rate:60.0
 CDTJune/18/2021 11:47:16:662,heart_rate:60.0
 CDTJune/18/2021 11:47:21:673,heart_rate:61.0
 CDTJune/18/2021 11:47:26:743,heart_rate:61.0
 CDTJune/18/2021 11:47:31:755,heart_rate:61.0
 CDTJune/18/2021 11:47:36:710,heart_rate:61.0
 CDTJune/18/2021 11:47:41:680,heart_rate:65.0
 CDTJune/18/2021 11:47:46:695,heart_rate:65.0
 CDTJune/18/2021 11:47:52:48,heart_rate:66.0
 CDTJune/18/2021 11:47:56:745,heart_rate:64.0
 CDTJune/18/2021 11:48:01:726,heart_rate:63.0
 CDTJune/18/2021 11:48:05:774,heart_rate:62.0
 CDTJune/18/2021 11:48:10:878,heart_rate:61.0
 CDTJune/18/2021 11:48:16:35,heart_rate:62.0
 CDTJune/18/2021 11:48:21:131,heart_rate:62.0
 CDTJune/18/2021 11:48:26:265,heart_rate:62.0
 CDTJune/18/2021 11:50:51:564,location:29.585571 -98.619589
 CDTJune/18/2021 11:50:51:847,sleep:133.0
 CDTJune/18/2021 11:50:51:865,noise:57
 CDTJune/18/2021 11:50:52:10,blood_o2:98.0
 CDTJune/18/2021 11:50:52:36,heart_rate:64.0
 CDTJune/18/2021 11:50:54:508,location:29.585571 -98.619589
 CDTJune/18/2021 11:50:54:562,sleep:133.0
 CDTJune/18/2021 11:50:54:567,blood_o2:98.0
 CDTJune/18/2021 11:50:54:609,noise:57
 CDTJune/18/2021 11:50:55:291,heart_rate:64.0
 CDTJune/18/2021 11:50:57:7,heart_rate:64.0
 CDTJune/18/2021 11:51:01:702,heart_rate:65.0
 CDTJune/18/2021 11:51:06:734,heart_rate:67.0
 CDTJune/18/2021 11:51:11:709,heart_rate:65.0
 CDTJune/18/2021 11:51:16:700,heart_rate:63.0
 CDTJune/18/2021 11:51:21:652,heart_rate:62.0
 CDTJune/18/2021 11:51:26:656,heart_rate:62.0
 CDTJune/18/2021 11:51:31:673,heart_rate:62.0
 CDTJune/18/2021 11:51:36:735,heart_rate:63.0
 CDTJune/18/2021 11:51:41:778,heart_rate:65.0
 CDTJune/18/2021 11:51:46:732,heart_rate:70.0
 CDTJune/18/2021 11:51:50:834,heart_rate:70.0
 CDTJune/18/2021 11:51:56:972,heart_rate:71.0
 CDTJune/18/2021 11:52:01:71,heart_rate:75.0
 CDTJune/18/2021 11:52:06:175,heart_rate:73.0
 CDTJune/18/2021 11:52:11:266,heart_rate:71.0
 CDTJune/18/2021 11:52:16:575,heart_rate:69.0
 CDTJune/18/2021 11:52:21:500,heart_rate:66.0
 CDTJune/18/2021 11:52:26:597,heart_rate:65.0
 CDTJune/18/2021 11:52:31:670,heart_rate:65.0
 CDTJune/18/2021 11:52:36:709,heart_rate:65.0
 CDTJune/18/2021 11:52:41:773,heart_rate:67.0
 CDTJune/18/2021 11:52:46:664,heart_rate:67.0
 CDTJune/18/2021 11:52:51:676,heart_rate:67.0
 CDTJune/18/2021 11:52:56:656,heart_rate:67.0
 CDTJune/18/2021 11:53:01:677,heart_rate:67.0
 CDTJune/18/2021 11:53:06:707,heart_rate:66.0
 CDTJune/18/2021 11:53:11:713,heart_rate:64.0
 CDTJune/18/2021 11:53:16:690,heart_rate:64.0
 CDTJune/18/2021 11:53:21:687,heart_rate:64.0
 CDTJune/18/2021 11:53:26:687,heart_rate:64.0
 CDTJune/18/2021 11:53:31:671,heart_rate:64.0
 CDTJune/18/2021 11:53:47:938,location:29.585556 -98.619536
 CDTJune/18/2021 11:53:47:166,sleep:133.0
 CDTJune/18/2021 11:53:47:193,noise:57
 CDTJune/18/2021 11:53:47:197,blood_o2:98.0
 CDTJune/18/2021 11:53:47:278,heart_rate:67.0
 CDTJune/18/2021 11:53:51:995,heart_rate:65.0
 CDTJune/18/2021 11:53:56:692,heart_rate:64.0
 CDTJune/18/2021 11:54:01:254,heart_rate:63.0
 CDTJune/18/2021 11:54:06:349,heart_rate:63.0
 CDTJune/18/2021 11:54:11:484,heart_rate:62.0
 CDTJune/18/2021 11:54:16:610,heart_rate:62.0
 CDTJune/18/2021 11:54:21:686,heart_rate:63.0
 CDTJune/18/2021 11:54:26:687,heart_rate:68.0
 CDTJune/18/2021 11:54:31:753,heart_rate:73.0
 CDTJune/18/2021 11:54:36:615,heart_rate:75.0
 CDTJune/18/2021 11:54:41:657,heart_rate:73.0
 CDTJune/18/2021 11:54:46:643,heart_rate:71.0
 CDTJune/18/2021 11:54:51:684,heart_rate:70.0
 CDTJune/18/2021 11:54:56:785,heart_rate:70.0
 CDTJune/18/2021 11:55:01:736,heart_rate:71.0
 CDTJune/18/2021 11:55:06:655,heart_rate:72.0
 CDTJune/18/2021 11:55:11:662,heart_rate:68.0
 CDTJune/18/2021 11:55:16:668,heart_rate:66.0
 CDTJune/18/2021 11:55:21:678,heart_rate:66.0
 CDTJune/18/2021 11:55:26:723,heart_rate:67.0
 CDTJune/18/2021 11:55:30:740,heart_rate:68.0
 CDTJune/18/2021 11:55:35:869,heart_rate:67.0
 CDTJune/18/2021 11:55:41:999,heart_rate:66.0
 CDTJune/18/2021 11:55:46:69,heart_rate:66.0
 CDTJune/18/2021 11:55:51:176,heart_rate:69.0
 CDTJune/18/2021 11:55:56:334,heart_rate:68.0
 CDTJune/18/2021 11:56:01:717,heart_rate:68.0
 CDTJune/18/2021 11:56:06:587,heart_rate:68.0
 CDTJune/18/2021 11:56:11:742,heart_rate:67.0
 CDTJune/18/2021 11:56:16:636,heart_rate:64.0
 CDTJune/18/2021 11:56:21:616,heart_rate:63.0
 CDTJune/18/2021 11:56:26:684,heart_rate:63.0
 CDTJune/18/2021 11:56:31:675,heart_rate:64.0
 CDTJune/18/2021 11:56:36:707,heart_rate:64.0
 CDTJune/18/2021 11:56:41:691,heart_rate:69.0
 CDTJune/18/2021 11:56:46:672,heart_rate:68.0
 CDTJune/18/2021 11:56:51:683,heart_rate:67.0
 CDTJune/18/2021 11:56:56:692,heart_rate:66.0
 CDTJune/18/2021 11:57:01:678,heart_rate:67.0
 CDTJune/18/2021 11:57:06:679,heart_rate:65.0
 CDTJune/18/2021 11:57:12:131,heart_rate:66.0
 CDTJune/18/2021 11:57:16:624,heart_rate:66.0
 CDTJune/18/2021 11:57:20:658,heart_rate:66.0
 CDTJune/18/2021 11:57:25:786,heart_rate:68.0
 CDTJune/18/2021 11:57:31:919,heart_rate:69.0
 CDTJune/18/2021 11:57:36:50,heart_rate:69.0
 CDTJune/18/2021 11:57:41:178,heart_rate:77.0
 CDTJune/18/2021 11:57:46:244,heart_rate:76.0
 CDTJune/18/2021 11:57:51:382,heart_rate:72.0
 CDTJune/18/2021 11:57:56:483,heart_rate:71.0
 CDTJune/18/2021 11:58:01:546,heart_rate:71.0
 CDTJune/18/2021 11:58:06:679,heart_rate:70.0
 CDTJune/18/2021 11:58:11:631,heart_rate:68.0
 CDTJune/18/2021 11:58:16:699,heart_rate:69.0
 CDTJune/18/2021 11:58:22:943,heart_rate:67.0
 CDTJune/18/2021 11:58:26:739,heart_rate:66.0
 CDTJune/18/2021 11:58:32:201,heart_rate:66.0
 CDTJune/18/2021 11:58:36:712,heart_rate:66.0
 CDTJune/18/2021 11:58:41:690,heart_rate:66.0
 CDTJune/18/2021 11:58:46:668,heart_rate:65.0
 CDTJune/18/2021 11:58:51:707,heart_rate:63.0
 CDTJune/18/2021 11:58:56:773,heart_rate:63.0
 CDTJune/18/2021 11:59:01:699,heart_rate:71.0
 CDTJune/18/2021 11:59:06:831,heart_rate:73.0
 CDTJune/18/2021 11:59:11:774,heart_rate:77.0
 CDTJune/18/2021 11:59:15:796,heart_rate:76.0
 CDTJune/18/2021 11:59:20:870,heart_rate:76.0
 CDTJune/18/2021 11:59:26:57,heart_rate:72.0
 CDTJune/18/2021 11:59:31:159,heart_rate:69.0
 CDTJune/18/2021 11:59:36:223,heart_rate:66.0
 CDTJune/18/2021 11:59:41:359,heart_rate:64.0
 CDTJune/18/2021 11:59:46:460,heart_rate:63.0
 CDTJune/18/2021 11:59:51:586,heart_rate:64.0
 CDTJune/18/2021 11:59:56:724,heart_rate:67.0
 CDTJune/18/2021 12:00:01:741,heart_rate:65.0
 CDTJune/18/2021 12:00:06:862,heart_rate:65.0
 CDTJune/18/2021 12:00:11:718,heart_rate:66.0
 CDTJune/18/2021 12:00:16:703,heart_rate:67.0
 CDTJune/18/2021 12:00:21:675,heart_rate:67.0
 CDTJune/18/2021 12:00:26:688,heart_rate:65.0
 CDTJune/18/2021 12:00:31:697,heart_rate:64.0
 CDTJune/18/2021 12:00:36:900,heart_rate:65.0
 CDTJune/18/2021 12:00:41:745,heart_rate:67.0
 CDTJune/18/2021 12:00:46:687,heart_rate:66.0
 CDTJune/18/2021 12:00:51:745,heart_rate:68.0
 CDTJune/18/2021 12:00:57:83,heart_rate:68.0
 CDTJune/18/2021 12:01:01:667,heart_rate:66.0
 CDTJune/18/2021 12:01:05:748,heart_rate:67.0
 CDTJune/18/2021 12:01:10:824,heart_rate:65.0
 CDTJune/18/2021 12:01:16:977,heart_rate:63.0
 CDTJune/18/2021 12:01:21:53,heart_rate:62.0
 CDTJune/18/2021 12:01:26:240,heart_rate:63.0
 CDTJune/18/2021 12:01:31:368,heart_rate:64.0
 CDTJune/18/2021 12:01:36:472,heart_rate:64.0
 CDTJune/18/2021 12:01:41:513,heart_rate:63.0
 CDTJune/18/2021 12:01:46:727,heart_rate:63.0
 CDTJune/18/2021 12:01:51:653,heart_rate:63.0
 CDTJune/18/2021 12:01:56:632,heart_rate:65.0
 CDTJune/18/2021 12:02:01:700,heart_rate:67.0
 CDTJune/18/2021 12:02:06:706,heart_rate:66.0
 CDTJune/18/2021 12:02:11:659,heart_rate:64.0
 CDTJune/18/2021 12:02:16:731,heart_rate:63.0
 CDTJune/18/2021 12:02:21:683,heart_rate:64.0
 CDTJune/18/2021 12:02:26:633,heart_rate:64.0
 CDTJune/18/2021 12:02:31:670,heart_rate:63.0
 CDTJune/18/2021 12:02:36:716,heart_rate:63.0
 CDTJune/18/2021 12:02:41:747,heart_rate:63.0
 CDTJune/18/2021 12:02:46:705,heart_rate:65.0
 CDTJune/18/2021 12:02:51:683,heart_rate:68.0
 CDTJune/18/2021 12:02:55:672,heart_rate:66.0
 CDTJune/18/2021 12:03:00:800,heart_rate:65.0
 CDTJune/18/2021 12:03:06:932,heart_rate:66.0
 CDTJune/18/2021 12:03:11:151,heart_rate:66.0
 CDTJune/18/2021 12:03:16:91,heart_rate:68.0
 CDTJune/18/2021 12:03:21:321,heart_rate:71.0
 CDTJune/18/2021 12:03:26:361,heart_rate:71.0
 CDTJune/18/2021 12:03:32:363,heart_rate:72.0
 CDTJune/18/2021 12:03:36:654,heart_rate:72.0
 CDTJune/18/2021 12:03:41:693,heart_rate:71.0
 CDTJune/18/2021 12:03:46:661,heart_rate:70.0
 CDTJune/18/2021 12:03:51:717,heart_rate:67.0
 CDTJune/18/2021 12:03:56:691,heart_rate:67.0
 CDTJune/18/2021 12:04:01:647,heart_rate:70.0
 CDTJune/18/2021 12:04:06:714,heart_rate:71.0
 CDTJune/18/2021 12:04:11:696,heart_rate:72.0
 CDTJune/18/2021 12:04:16:653,heart_rate:73.0
 CDTJune/18/2021 12:04:21:715,heart_rate:68.0
 CDTJune/18/2021 12:04:26:694,heart_rate:67.0
 CDTJune/18/2021 12:04:31:674,heart_rate:67.0
 CDTJune/18/2021 12:04:36:708,heart_rate:67.0
 CDTJune/18/2021 12:04:41:693,heart_rate:66.0
 CDTJune/18/2021 12:04:46:643,heart_rate:65.0
 CDTJune/18/2021 12:04:50:752,heart_rate:67.0
 CDTJune/18/2021 12:04:56:916,heart_rate:69.0
 CDTJune/18/2021 12:05:01:954,heart_rate:68.0
 CDTJune/18/2021 12:05:06:149,heart_rate:68.0
 CDTJune/18/2021 12:05:11:249,heart_rate:69.0
 CDTJune/18/2021 12:05:16:285,heart_rate:68.0
 CDTJune/18/2021 12:05:21:470,heart_rate:68.0
 CDTJune/18/2021 12:05:26:544,heart_rate:70.0
 CDTJune/18/2021 12:05:31:644,heart_rate:71.0
 CDTJune/18/2021 12:05:36:716,heart_rate:70.0
 CDTJune/18/2021 12:05:41:727,heart_rate:68.0
 CDTJune/18/2021 12:05:46:735,heart_rate:68.0
 CDTJune/18/2021 12:05:51:681,heart_rate:67.0
 CDTJune/18/2021 12:05:56:667,heart_rate:66.0
 CDTJune/18/2021 12:06:01:676,heart_rate:64.0
 CDTJune/18/2021 12:06:06:655,heart_rate:63.0
 CDTJune/18/2021 12:06:11:722,heart_rate:65.0
 CDTJune/18/2021 12:06:16:705,heart_rate:65.0
 CDTJune/18/2021 12:06:21:711,heart_rate:67.0
 CDTJune/18/2021 12:06:26:724,heart_rate:66.0
 CDTJune/18/2021 12:06:31:763,heart_rate:66.0
 CDTJune/18/2021 12:06:36:625,heart_rate:65.0
 CDTJune/18/2021 12:06:40:674,heart_rate:62.0
 CDTJune/18/2021 12:06:45:862,heart_rate:61.0
 CDTJune/18/2021 12:06:50:909,heart_rate:60.0
 CDTJune/18/2021 12:06:56:489,heart_rate:60.0
 CDTJune/18/2021 12:07:01:160,heart_rate:59.0
 CDTJune/18/2021 12:07:07:55,heart_rate:59.0
 CDTJune/18/2021 12:07:11:455,heart_rate:60.0
 CDTJune/18/2021 12:07:16:529,heart_rate:62.0
 CDTJune/18/2021 12:07:21:629,heart_rate:64.0
 CDTJune/18/2021 12:07:26:699,heart_rate:64.0
 CDTJune/18/2021 12:07:31:650,heart_rate:66.0
 CDTJune/18/2021 12:07:34:101,noise:46
 CDTJune/18/2021 12:07:36:687,heart_rate:66.0
 CDTJune/18/2021 12:07:41:639,heart_rate:64.0
 CDTJune/18/2021 12:07:46:737,heart_rate:63.0
 CDTJune/18/2021 12:07:51:687,heart_rate:62.0
 CDTJune/18/2021 12:07:56:698,heart_rate:63.0
 CDTJune/18/2021 12:08:02:946,heart_rate:63.0
 CDTJune/18/2021 12:08:06:706,heart_rate:62.0
 CDTJune/18/2021 12:08:11:661,heart_rate:62.0
 CDTJune/18/2021 12:08:16:705,heart_rate:67.0
 CDTJune/18/2021 12:08:21:658,heart_rate:70.0
 CDTJune/18/2021 12:08:26:666,heart_rate:67.0
 CDTJune/18/2021 12:08:31:672,heart_rate:67.0
 CDTJune/18/2021 12:08:35:756,heart_rate:66.0
 CDTJune/18/2021 12:08:41:389,heart_rate:66.0
 CDTJune/18/2021 12:08:46:45,heart_rate:67.0
 CDTJune/18/2021 12:08:51:111,heart_rate:66.0
 CDTJune/18/2021 12:08:56:214,heart_rate:66.0
 CDTJune/18/2021 12:09:08:53,heart_rate:72.0
 CDTJune/18/2021 12:09:12:585,heart_rate:71.0
 CDTJune/18/2021 12:09:16:710,heart_rate:67.0
 CDTJune/18/2021 12:09:21:803,heart_rate:65.0
 CDTJune/18/2021 12:09:27:935,heart_rate:63.0
 CDTJune/18/2021 12:09:32:35,heart_rate:63.0
 CDTJune/18/2021 12:09:37:203,heart_rate:64.0
 CDTJune/18/2021 12:09:42:327,heart_rate:61.0
 CDTJune/18/2021 12:09:47:365,heart_rate:61.0
 CDTJune/18/2021 12:09:52:464,heart_rate:60.0
 CDTJune/18/2021 12:09:57:627,heart_rate:59.0
 CDTJune/18/2021 12:10:02:667,heart_rate:59.0
 CDTJune/18/2021 12:10:07:768,heart_rate:60.0
 CDTJune/18/2021 12:10:12:660,heart_rate:59.0
 CDTJune/18/2021 12:10:17:754,heart_rate:57.0
 CDTJune/18/2021 12:10:22:670,heart_rate:57.0
 CDTJune/18/2021 12:10:28:977,heart_rate:57.0
 CDTJune/18/2021 12:10:33:564,heart_rate:57.0
 CDTJune/18/2021 12:10:37:876,heart_rate:59.0
 CDTJune/18/2021 12:10:42:626,heart_rate:60.0
 CDTJune/18/2021 12:10:47:704,heart_rate:62.0
 CDTJune/18/2021 12:10:53:976,heart_rate:65.0
 CDTJune/18/2021 12:10:58:955,heart_rate:67.0
 CDTJune/18/2021 12:11:02:785,heart_rate:70.0
 CDTJune/18/2021 12:11:06:692,heart_rate:71.0
 CDTJune/18/2021 12:11:12:721,heart_rate:70.0
 CDTJune/18/2021 12:11:15:382,blood_o2:99.0
 CDTJune/18/2021 12:11:16:415,heart_rate:63.0
 CDTJune/18/2021 12:11:17:629,heart_rate:67.0
 CDTJune/18/2021 12:11:22:547,heart_rate:66.0
 CDTJune/18/2021 12:11:27:360,heart_rate:65.0
 CDTJune/18/2021 12:11:32:312,heart_rate:69.0
 CDTJune/18/2021 12:11:37:496,heart_rate:72.0
 CDTJune/18/2021 12:11:42:533,heart_rate:71.0
 CDTJune/18/2021 12:11:48:504,heart_rate:70.0
 CDTJune/18/2021 12:11:52:655,heart_rate:74.0
 CDTJune/18/2021 12:11:57:644,heart_rate:71.0
 CDTJune/18/2021 12:12:02:749,heart_rate:70.0
 CDTJune/18/2021 12:12:07:601,heart_rate:70.0
 CDTJune/18/2021 12:12:12:632,heart_rate:73.0
 CDTJune/18/2021 12:12:17:860,heart_rate:70.0
 CDTJune/18/2021 12:12:22:764,heart_rate:69.0
 CDTJune/18/2021 12:12:27:713,heart_rate:69.0
 CDTJune/18/2021 12:12:32:748,heart_rate:70.0
 CDTJune/18/2021 12:12:37:654,heart_rate:67.0
 CDTJune/18/2021 12:12:42:668,heart_rate:67.0
 CDTJune/18/2021 12:12:47:633,heart_rate:67.0
 CDTJune/18/2021 12:12:52:611,heart_rate:67.0
 CDTJune/18/2021 12:12:57:724,heart_rate:65.0
 CDTJune/18/2021 12:13:01:725,heart_rate:63.0
 CDTJune/18/2021 12:13:06:870,heart_rate:63.0
 CDTJune/18/2021 12:13:12:0,heart_rate:65.0
 CDTJune/18/2021 12:13:17:160,heart_rate:66.0
 CDTJune/18/2021 12:13:22:204,heart_rate:66.0
 CDTJune/18/2021 12:13:27:301,heart_rate:66.0
 CDTJune/18/2021 12:13:32:466,heart_rate:65.0
 CDTJune/18/2021 12:13:37:584,heart_rate:65.0
 CDTJune/18/2021 12:13:42:685,heart_rate:65.0
 CDTJune/18/2021 12:13:47:667,heart_rate:66.0
 CDTJune/18/2021 12:13:52:687,heart_rate:68.0
 CDTJune/18/2021 12:13:57:695,heart_rate:70.0
 CDTJune/18/2021 12:14:02:698,heart_rate:71.0
 CDTJune/18/2021 12:14:07:656,heart_rate:69.0
 CDTJune/18/2021 12:14:12:667,heart_rate:70.0
 CDTJune/18/2021 12:14:17:696,heart_rate:68.0
 CDTJune/18/2021 12:14:22:769,heart_rate:67.0
 CDTJune/18/2021 12:14:27:625,heart_rate:66.0
 CDTJune/18/2021 12:14:32:705,heart_rate:65.0
 CDTJune/18/2021 12:14:37:653,heart_rate:65.0
 CDTJune/18/2021 12:14:42:731,heart_rate:69.0
 CDTJune/18/2021 12:14:47:675,heart_rate:68.0
 CDTJune/18/2021 12:14:51:722,heart_rate:66.0
 CDTJune/18/2021 12:14:56:851,heart_rate:65.0
 CDTJune/18/2021 12:15:02:950,heart_rate:63.0
 CDTJune/18/2021 12:15:07:80,heart_rate:63.0
 CDTJune/18/2021 12:15:12:214,heart_rate:65.0
 CDTJune/18/2021 12:15:17:400,heart_rate:66.0
 CDTJune/18/2021 12:15:22:440,heart_rate:69.0
 CDTJune/18/2021 12:15:27:547,heart_rate:73.0
 CDTJune/18/2021 12:15:32:671,heart_rate:71.0
 CDTJune/18/2021 12:15:37:745,heart_rate:70.0
 CDTJune/18/2021 12:15:42:660,heart_rate:72.0
 CDTJune/18/2021 12:15:47:726,heart_rate:72.0
 CDTJune/18/2021 12:15:52:690,heart_rate:71.0
 CDTJune/18/2021 12:15:57:780,heart_rate:69.0
 CDTJune/18/2021 12:16:02:676,heart_rate:68.0
 CDTJune/18/2021 12:16:07:838,heart_rate:67.0
 CDTJune/18/2021 12:16:12:692,heart_rate:67.0
 CDTJune/18/2021 12:16:17:704,heart_rate:69.0
 CDTJune/18/2021 12:16:22:713,heart_rate:73.0
 CDTJune/18/2021 12:16:27:693,heart_rate:73.0
 CDTJune/18/2021 12:16:32:669,heart_rate:73.0
 CDTJune/18/2021 12:16:37:624,heart_rate:74.0
 CDTJune/18/2021 12:16:42:775,heart_rate:79.0
 CDTJune/18/2021 12:16:46:786,heart_rate:79.0
 CDTJune/18/2021 12:16:51:874,heart_rate:77.0
 CDTJune/18/2021 12:16:57:968,heart_rate:74.0
 CDTJune/18/2021 12:17:02:68,heart_rate:69.0
 CDTJune/18/2021 12:17:07:260,heart_rate:66.0
 CDTJune/18/2021 12:17:12:361,heart_rate:66.0
 CDTJune/18/2021 12:17:17:462,heart_rate:68.0
 CDTJune/18/2021 12:17:22:692,heart_rate:68.0
 CDTJune/18/2021 12:17:27:604,heart_rate:68.0
 CDTJune/18/2021 12:17:32:700,heart_rate:68.0
 CDTJune/18/2021 12:17:37:649,heart_rate:68.0
 CDTJune/18/2021 12:17:42:663,heart_rate:69.0
 CDTJune/18/2021 12:17:47:673,heart_rate:69.0
 CDTJune/18/2021 12:17:52:653,heart_rate:67.0
 CDTJune/18/2021 12:17:57:711,heart_rate:66.0
 CDTJune/18/2021 12:18:02:797,heart_rate:69.0
 CDTJune/18/2021 12:18:11:379,heart_rate:71.0
 CDTJune/18/2021 12:18:14:769,heart_rate:74.0
 CDTJune/18/2021 12:18:17:666,heart_rate:74.0
 CDTJune/18/2021 12:18:22:628,heart_rate:67.0
 CDTJune/18/2021 12:18:27:662,heart_rate:67.0
 CDTJune/18/2021 12:18:32:661,heart_rate:70.0
 CDTJune/18/2021 12:18:36:748,heart_rate:69.0
 CDTJune/18/2021 12:18:41:854,heart_rate:72.0
 CDTJune/18/2021 12:18:47:959,heart_rate:71.0
 CDTJune/18/2021 12:18:52:82,heart_rate:70.0
 CDTJune/18/2021 12:18:57:219,heart_rate:68.0
 CDTJune/18/2021 12:19:02:337,heart_rate:68.0
 CDTJune/18/2021 12:19:07:386,heart_rate:68.0
 CDTJune/18/2021 12:19:12:637,heart_rate:69.0
 CDTJune/18/2021 12:19:17:665,heart_rate:70.0
 CDTJune/18/2021 12:19:22:681,heart_rate:70.0
 CDTJune/18/2021 12:19:27:812,heart_rate:67.0
 CDTJune/18/2021 12:19:32:738,heart_rate:69.0
 CDTJune/18/2021 12:19:37:741,heart_rate:69.0
 CDTJune/18/2021 12:19:42:718,heart_rate:68.0
 CDTJune/18/2021 12:19:47:704,heart_rate:66.0
 CDTJune/18/2021 12:19:52:800,heart_rate:68.0
 CDTJune/18/2021 12:19:57:628,heart_rate:66.0
 CDTJune/18/2021 12:20:02:724,heart_rate:64.0
 CDTJune/18/2021 12:20:07:681,heart_rate:65.0
 CDTJune/18/2021 12:20:12:749,heart_rate:62.0
 CDTJune/18/2021 12:20:17:767,heart_rate:60.0
 CDTJune/18/2021 12:20:21:338,noise:84
 CDTJune/18/2021 12:20:22:882,heart_rate:58.0
 CDTJune/18/2021 12:20:27:716,heart_rate:57.0
 CDTJune/18/2021 12:20:31:887,heart_rate:57.0
 CDTJune/18/2021 12:20:37:926,heart_rate:57.0
 CDTJune/18/2021 12:20:42:125,heart_rate:62.0
 CDTJune/18/2021 12:20:47:234,heart_rate:65.0
 CDTJune/18/2021 12:20:52:303,heart_rate:66.0
 CDTJune/18/2021 12:20:57:403,heart_rate:66.0
 CDTJune/18/2021 12:21:02:415,heart_rate:62.0
 CDTJune/18/2021 12:21:07:813,heart_rate:61.0
 CDTJune/18/2021 12:21:12:702,heart_rate:64.0
 CDTJune/18/2021 12:21:17:723,heart_rate:71.0
 CDTJune/18/2021 12:21:23:197,heart_rate:74.0
 CDTJune/18/2021 12:21:27:637,heart_rate:70.0
 CDTJune/18/2021 12:21:32:645,heart_rate:67.0
 CDTJune/18/2021 12:21:37:776,heart_rate:66.0
 CDTJune/18/2021 12:21:42:647,heart_rate:64.0
 CDTJune/18/2021 12:21:47:797,heart_rate:64.0
 CDTJune/18/2021 12:21:52:676,heart_rate:66.0
 CDTJune/18/2021 12:21:57:629,heart_rate:66.0
 CDTJune/18/2021 12:22:02:673,heart_rate:63.0
 CDTJune/18/2021 12:22:07:711,heart_rate:63.0
 CDTJune/18/2021 12:22:12:664,heart_rate:61.0
 CDTJune/18/2021 12:22:17:707,heart_rate:61.0
 CDTJune/18/2021 12:22:21:757,heart_rate:61.0
 CDTJune/18/2021 12:22:27:970,heart_rate:61.0
 CDTJune/18/2021 12:22:32:16,heart_rate:61.0
 CDTJune/18/2021 12:22:37:87,heart_rate:63.0
 CDTJune/18/2021 12:22:42:186,heart_rate:63.0
 CDTJune/18/2021 12:22:47:369,heart_rate:62.0
 CDTJune/18/2021 12:22:52:501,heart_rate:61.0
 CDTJune/18/2021 12:22:57:572,heart_rate:60.0
 CDTJune/18/2021 12:23:02:675,heart_rate:60.0
 CDTJune/18/2021 12:23:07:746,heart_rate:61.0
 CDTJune/18/2021 12:23:12:667,heart_rate:62.0
 CDTJune/18/2021 12:23:17:748,heart_rate:62.0
 CDTJune/18/2021 12:23:22:618,heart_rate:64.0
 CDTJune/18/2021 12:23:27:661,heart_rate:63.0
 CDTJune/18/2021 12:23:32:677,heart_rate:63.0
 CDTJune/18/2021 12:23:37:774,heart_rate:65.0
 CDTJune/18/2021 12:23:42:663,heart_rate:68.0
 CDTJune/18/2021 12:39:12:784,sleep:133.0
 CDTJune/18/2021 12:39:12:992,noise:84
 CDTJune/18/2021 12:39:12:998,blood_o2:99.0
 CDTJune/18/2021 12:39:12:8,heart_rate:60.0
 CDTJune/18/2021 12:39:25:832,sleep:133.0
 CDTJune/18/2021 12:39:25:856,blood_o2:99.0
 CDTJune/18/2021 12:39:25:867,noise:84
 CDTJune/18/2021 12:39:25:178,heart_rate:97.0
 CDTJune/18/2021 12:39:47:205,sleep:133.0
 CDTJune/18/2021 12:39:48:382,noise:84
 CDTJune/18/2021 12:39:48:397,blood_o2:99.0
 CDTJune/18/2021 12:39:48:680,heart_rate:70.0
 CDTJune/18/2021 12:39:48:952,heart_rate:70.0
 CDTJune/18/2021 15:03:55:919,location:29.585571 -98.619559
 CDTJune/18/2021 15:03:56:204,sleep:133.0
 CDTJune/18/2021 15:03:56:311,blood_o2:99.0
 CDTJune/18/2021 15:03:56:315,noise:50
 CDTJune/18/2021 15:03:56:675,heart_rate:64.0
 CDTJune/18/2021 15:04:02:673,heart_rate:66.0
 CDTJune/18/2021 15:04:07:503,heart_rate:68.0
 CDTJune/18/2021 15:04:12:428,heart_rate:74.0
 CDTJune/18/2021 15:04:16:509,heart_rate:71.0
 CDTJune/18/2021 15:04:21:605,heart_rate:66.0
 CDTJune/18/2021 15:04:26:795,heart_rate:65.0
 CDTJune/18/2021 15:04:31:986,heart_rate:64.0
 CDTJune/18/2021 15:04:36:996,heart_rate:65.0
 CDTJune/18/2021 15:04:41:67,heart_rate:65.0
 CDTJune/18/2021 15:04:47:231,heart_rate:68.0
 CDTJune/18/2021 15:04:52:361,heart_rate:67.0
 CDTJune/18/2021 15:04:57:520,heart_rate:65.0
 CDTJune/18/2021 15:05:35:153,location:29.585571 -98.619559
 CDTJune/18/2021 15:05:36:396,sleep:133.0
 CDTJune/18/2021 15:05:36:531,noise:50
 CDTJune/18/2021 15:05:36:552,blood_o2:99.0
 CDTJune/18/2021 15:05:36:557,heart_rate:69.0
 CDTJune/18/2021 15:05:37:802,heart_rate:68.0
 CDTJune/18/2021 15:05:42:401,heart_rate:68.0
 CDTJune/18/2021 15:05:47:439,heart_rate:68.0
 CDTJune/18/2021 15:05:52:422,heart_rate:69.0
 CDTJune/18/2021 15:05:55:922,location:29.585571 -98.619559
 CDTJune/18/2021 15:05:57:398,heart_rate:68.0
 CDTJune/18/2021 15:06:02:375,heart_rate:67.0
 CDTJune/18/2021 15:06:06:782,heart_rate:67.0
 CDTJune/18/2021 15:06:11:522,heart_rate:69.0
 CDTJune/18/2021 15:06:16:721,heart_rate:70.0
 CDTJune/18/2021 15:06:21:876,heart_rate:68.0
 CDTJune/18/2021 15:06:26:917,heart_rate:67.0
 CDTJune/18/2021 15:06:31:15,heart_rate:68.0
 CDTJune/18/2021 15:06:37:241,heart_rate:78.0
 CDTJune/18/2021 15:06:42:277,heart_rate:81.0
 CDTJune/18/2021 15:06:47:405,heart_rate:88.0
 CDTJune/18/2021 15:06:52:411,heart_rate:82.0
 CDTJune/18/2021 15:06:57:431,heart_rate:73.0
 CDTJune/18/2021 15:07:02:465,heart_rate:70.0
 CDTJune/18/2021 15:07:07:386,heart_rate:70.0
 CDTJune/18/2021 15:07:12:488,heart_rate:70.0
 CDTJune/18/2021 15:07:17:375,heart_rate:71.0
 CDTJune/18/2021 15:07:22:415,heart_rate:78.0
 CDTJune/18/2021 15:07:27:399,heart_rate:80.0
 CDTJune/18/2021 15:07:32:531,heart_rate:82.0
 CDTJune/18/2021 15:07:35:154,location:29.585556 -98.619607
 CDTJune/18/2021 15:07:37:473,heart_rate:83.0
 CDTJune/18/2021 15:09:36:793,location:29.585541 -98.619616
 CDTJune/18/2021 15:09:37:263,sleep:133.0
 CDTJune/18/2021 15:09:37:476,noise:50
 CDTJune/18/2021 15:09:37:490,blood_o2:99.0
 CDTJune/18/2021 15:09:37:661,heart_rate:81.0
 CDTJune/18/2021 15:09:40:9,location:29.585541 -98.619616
 CDTJune/18/2021 15:09:41:606,sleep:133.0
 CDTJune/18/2021 15:09:41:993,noise:50
 CDTJune/18/2021 15:09:41:9,blood_o2:99.0
 CDTJune/18/2021 15:09:41:51,heart_rate:81.0
 CDTJune/18/2021 15:09:43:766,heart_rate:71.0
 CDTJune/18/2021 15:09:47:970,location:29.585541 -98.619616
 CDTJune/18/2021 15:09:49:279,sleep:133.0
 CDTJune/18/2021 15:09:49:300,noise:50
 CDTJune/18/2021 15:09:49:309,blood_o2:99.0
 CDTJune/18/2021 15:09:49:412,heart_rate:71.0
